Account,Date,Payee,Notes,Category,Amount
Capital One Credit Card,2023-12-22,Greenville Water,,Greenville Water,-50.03
Capital One Credit Card,2023-12-21,Spotify,,Spotify/Amazon,-11.65
Chase Amazon,2023-12-17,Amazon,,Groomer,-96.97
Capital One Credit Card,2023-12-17,Cash Back Rewards,,Income,56.02
Capital One Credit Card,2023-12-17,Liquid Highway,,Coffee,-6.01
Capital One Credit Card,2023-12-17,Walmart,,Groceries,-57.9
Capital One Credit Card,2023-12-16,Michaels,,Gifts,-30.72
Capital One Credit Card,2023-12-16,QT,,Gas,-25.32
Capital One Credit Card,2023-12-16,QT,,Spending,-4.18
Capital One Credit Card,2023-12-16,Liquid Highway,,Coffee,-6.01
Capital One Credit Card,2023-12-16,Scooters,,Coffee,-6.63
Capital One Credit Card,2023-12-16,Walmart,,Gifts,-6.98
Capital One Credit Card,2023-12-15,Target,,Gifts,-3.89
Capital One Credit Card,2023-12-15,7Brew,,Coffee,-7.48
Capital One Credit Card,2023-12-15,Lidl,,Groceries,-10.05
Capital One Credit Card,2023-12-15,Walmart,,Groceries,-32.66
Capital One Credit Card,2023-12-15,Walmart,,Treats,-15.88
Capital One Credit Card,2023-12-15,Walmart,,Coffee/Tea,-3.12
Capital One Credit Card,2023-12-14,freeprints,,Gifts,-19.42
Capital One Credit Card,2023-12-14,QT,,Gifts,-16.96
Capital One Credit Card,2023-12-14,Liquid Highway,,Coffee,-14.65
Capital One Credit Card,2023-12-13,West Construction,,Emergency Fund,-3500
Capital One Credit Card,2023-12-13,Liquid Highway,,Coffee,-7.01
Capital One Credit Card,2023-12-12,Scooters,,Coffee,-6.1
GFCU Checking,2023-12-11,Julianna,,Income,20
Capital One Credit Card,2023-12-11,Target,,Spent for Others,-19.57
Capital One Credit Card,2023-12-11,Liquid Highway,,Coffee,-6.01
Capital One Credit Card,2023-12-10,QT,,Spending,-4.88
Capital One Credit Card,2023-12-10,Liquid Highway,,Coffee,-6.01
Capital One Credit Card,2023-12-10,Chewy,,Pet Food,-72.48
Capital One Credit Card,2023-12-10,Swamp Rabbit Cafe & Grocery,,Coffee/Tea,-16.99
Cash,2023-12-10,QT,,Gifts,-40
Cash,2023-12-10,Walmart,,Gifts,-40
Capital One Credit Card,2023-12-10,Walmart,,Treats,-11.64
Capital One Credit Card,2023-12-10,Walmart,,Gifts,-6.31
Capital One Credit Card,2023-12-09,Chewy,,Pet Food,-50.23
Capital One Credit Card,2023-12-09,Walmart,,Gifts,-12.02
Capital One Credit Card,2023-12-09,Liquid Highway,,Coffee,-6.01
Capital One Credit Card,2023-12-09,Kannikas Kitchen,,Dates,-50.12
GFCU Checking,2023-12-08,Momma,,Income,20
Capital One Credit Card,2023-12-08,7Brew,,Coffee,-7.48
GFCU Checking,2023-12-08,Capital One Credit Card,,,-2229.44
Capital One Credit Card,2023-12-08,GFCU Checking,,,2229.44
Capital One Credit Card,2023-12-08,Walmart,,Groceries,-25.98
Capital One Credit Card,2023-12-08,Lidl,,Groceries,-27.83
Home Ugrade debt,2023-12-08,GFCU Checking,,,160
GFCU Checking,2023-12-08,Home Ugrade debt,,Home Upgrade,-160
Capital One Credit Card,2023-12-08,Walmart,,Groceries,-16.46
Capital One Credit Card,2023-12-08,Walmart,,Home Maintenance,-8.44
Capital One Credit Card,2023-12-07,Liquid Highway,,Coffee,-5.04
GFCU Checking,2023-12-07,Piedmont Natural Gas,,Piedmont Natural Gas,-27
GFCU Checking,2023-12-06,Home Depot Deposit,,Income,1095.15
Chase Amazon,2023-12-06,Amazon,,Gifts,-21.19
Citi Bank,2023-12-05,QT,,Gas,-7.97
Citi Bank,2023-12-05,QT,,Gas,-23.91
Chase Amazon,2023-12-04,Amazon,,Gifts,-45
Capital One Credit Card,2023-12-04,Scooters,,Coffee,-7.63
GFCU Checking,2023-12-04,Duke Energy,,Duke Energy,-75
Capital One Credit Card,2023-12-03,Liquid Highway,,Coffee,-7.01
Chase Amazon,2023-12-03,Cash Back Rewards,,Income,8.7
Capital One Credit Card,2023-12-03,Walmart,,Toiletries,-9.51
Capital One Credit Card,2023-12-03,Walmart,,Home Maintenance,-14.89
Capital One Credit Card,2023-12-03,Walmart,,Groceries,-23.42
Capital One Credit Card,2023-12-02,Liquid Highway,,Coffee,-7.01
Capital One Credit Card,2023-12-02,Swamp Rabbit Cafe & Grocery,,Coffee/Tea,-21.93
Capital One Credit Card,2023-12-02,Michaels,,Gifts,-23.29
Cash,2023-12-01,Momma,,Income,20
Capital One Credit Card,2023-12-01,Whole Foods,,Groceries,-9.8
Capital One Credit Card,2023-12-01,Scooters,,Coffee,-6.63
Capital One Credit Card,2023-12-01,Amari,,Gifts,-55
Capital One Credit Card,2023-12-01,Lidl,,Groceries,-9.96
Mortgage,2023-12-01,GFCU Checking,,,400
GFCU Checking,2023-12-01,Mortgage,,Mortgage,-400
Capital One Credit Card,2023-12-01,Walmart,,Toiletries,-16.93
Capital One Credit Card,2023-12-01,Walmart,,Groceries,-31.06
GFCU Checking,2023-11-30,Interest,,Income,0.15
Capital One Credit Card,2023-11-30,Allstate refund,,Income,569.98
Mortgage,2023-11-30,,Reconciliation balance adjustment,,-451.29
Home Ugrade debt,2023-11-30,,Reconciliation balance adjustment,,-21.72
401K,2023-11-30,,Reconciliation balance adjustment,,3381.83
Capital One Credit Card,2023-11-29,QT,,Emergency Fund,-5.78
Capital One Credit Card,2023-11-29,Scooters,,Emergency Fund,-6.63
Capital One Credit Card,2023-11-29,Walmart,,Dates,-28.17
Capital One Credit Card,2023-11-28,Spectrum,,Internet,-39.99
GFCU Checking,2023-11-28,Argental,,Medical Debt,-10
Citi Bank,2023-11-28,GFCU Checking,,,41
GFCU Checking,2023-11-28,Citi Bank,,,-41
Capital One Credit Card,2023-11-28,Scooters,,Emergency Fund,-6.63
Capital One Credit Card,2023-11-27,QT,,Emergency Fund,-5.58
Capital One Credit Card,2023-11-27,Scooters,,Emergency Fund,-6.63
Capital One Credit Card,2023-11-26,Cash Back Rewards,,Coffee,10.89
Capital One Credit Card,2023-11-26,,Reconciliation balance adjustment,Gifts,-6.63
Capital One Credit Card,2023-11-26,7Brew,,Gifts,-7.48
Capital One Credit Card,2023-11-26,Walmart,,Groceries,-10.54
Capital One Credit Card,2023-11-26,Walmart,,Toiletries,-7.4
Capital One Credit Card,2023-11-25,Liquid Highway,,Gifts,-6.72
Capital One Credit Card,2023-11-25,Walmart,,Toiletries,-36.02
Citi Bank,2023-11-24,QT,,Gas,-21.04
GFCU Checking,2023-11-24,CashApp,,Gifts,-5
GFCU Checking,2023-11-24,Chase Amazon,,,-243.42
Chase Amazon,2023-11-24,GFCU Checking,,,243.42
Capital One Credit Card,2023-11-24,Scooters,,Gifts,-6.63
Capital One Credit Card,2023-11-24,Lidl,,Groceries,-8.6
Capital One Credit Card,2023-11-24,Walmart,,Toiletries,-6.42
Chase Amazon,2023-11-24,Amazon,,Filters,-23.01
Capital One Credit Card,2023-11-24,Walmart,,Groceries,-38.56
Chase Amazon,2023-11-24,Amazon,,Gifts,-81.85
Capital One Credit Card,2023-11-23,QT,,Emergency Fund,-6.77
Capital One Credit Card,2023-11-22,Greenville Water,,Greenville Water,-51.07
Capital One Credit Card,2023-11-22,Methodical,,Coffee/Tea,-31.23
Capital One Credit Card,2023-11-22,The Home Depot,,Home Maintenance,-136.74
Capital One Credit Card,2023-11-22,Raceway,,Gifts,-14.67
GFCU Checking,2023-11-21,Home Depot Deposit,,Income,1083.37
Capital One Credit Card,2023-11-21,Spotify,,Spotify/Amazon,-11.65
GFCU Checking,2023-11-20,Julianna,,Home Maintenance,100
GFCU Checking,2023-11-20,Julianna,,Dates,20
Capital One Credit Card,2023-11-20,Liquid Highway,,Gifts,-13.73
Capital One Credit Card,2023-11-19,Apple Refund,,Emergency Fund,20.14
Capital One Credit Card,2023-11-19,Liquid Highway,,Gifts,-6.01
Capital One Credit Card,2023-11-19,Target,,Clothes,-38.58
Capital One Credit Card,2023-11-19,Target,,Groceries,-13.77
Capital One Credit Card,2023-11-18,2nd & Charles,,Books,-21.73
Capital One Credit Card,2023-11-18,Scooters,,Gifts,-6.63
Capital One Credit Card,2023-11-17,7Brew,,Gifts,-8.48
Capital One Credit Card,2023-11-17,Lidl,,Groceries,-28.68
Capital One Credit Card,2023-11-17,Walmart,,Toiletries,-21.16
Capital One Credit Card,2023-11-17,Walmart,,Groceries,-23.82
Capital One Credit Card,2023-11-15,Harris Teeter,,Groceries,-9.58
Capital One Credit Card,2023-11-15,Target,,Emergency Fund,-78.18
Capital One Credit Card,2023-11-15,Target,,Toiletries,-17.8
Capital One Credit Card,2023-11-14,QT,,Gifts,-7.97
Capital One Credit Card,2023-11-14,QT,,Gas,-20.93
Capital One Credit Card,2023-11-13,Liquid Highway,,Gifts,-4.75
Capital One Credit Card,2023-11-12,Cash Back Rewards,,Coffee,7.85
Cash,2023-11-12,Momma,,Emergency Fund,20
Capital One Credit Card,2023-11-11,Apple,,Emergency Fund,-20.14
Capital One Credit Card,2023-11-11,Swamp Rabbit Cafe & Grocery,,Coffee/Tea,-28.6
Capital One Credit Card,2023-11-11,Petco,,Cat Litter,-14.3
Capital One Credit Card,2023-11-10,Trader Joe's,,Spending,-10.97
Capital One Credit Card,2023-11-10,D'Allesandro's,,Emergency Fund,-38.75
Capital One Credit Card,2023-11-10,Walmart,,Groceries,-22.41
Capital One Credit Card,2023-11-09,Liquid Highway,,Coffee,-6.72
GFCU Checking,2023-11-08,Home Depot Deposit,,Income,1074.34
GFCU Checking,2023-11-08,Capital One Credit Card,,,-1587.73
Capital One Credit Card,2023-11-08,GFCU Checking,,,1587.73
Capital One Credit Card,2023-11-08,QT,,Gas,-25.49
Capital One Credit Card,2023-11-08,Methodical,,Coffee,-7.04
Capital One Credit Card,2023-11-08,Target,,Emergency Fund,-7.38
Home Ugrade debt,2023-11-08,GFCU Checking,,,160
GFCU Checking,2023-11-08,Home Ugrade debt,,Home Upgrade,-160
Chase Amazon,2023-11-07,Amazon,,Toiletries,-27.98
GFCU Checking,2023-11-07,Piedmont Natural Gas,,Piedmont Natural Gas,-27
Capital One Credit Card,2023-11-06,QT,,Emergency Fund,-5.78
Capital One Credit Card,2023-11-05,Petco,,Cat Litter,-14.3
Capital One Credit Card,2023-11-05,Liquid Highway,,Spending,-6.01
Capital One Credit Card,2023-11-05,Walmart,,Toiletries,-5.97
Capital One Credit Card,2023-11-05,Walmart,,Emergency Fund,-9.71
Citi Bank,2023-11-04,GFCU Checking,,,1811.38
GFCU Checking,2023-11-04,Citi Bank,,,-1811.38
Chase Amazon,2023-11-04,Amazon,,Spending,-45.76
GFCU Checking,2023-11-04,Check Deposit,,Income,691.69
GFCU Checking,2023-11-04,Duke Energy,,Duke Energy,-75
Capital One Credit Card,2023-11-03,Walmart,,Groceries,-32.34
Capital One Credit Card,2023-11-03,Lidl,,Groceries,-18.43
Capital One Credit Card,2023-11-03,Whole Foods,,Groceries,-12.39
Capital One Credit Card,2023-11-02,Walmart,,Groceries,-21.14
Citi Bank,2023-11-02,Cash Back Rewards,,WF5 Computer,242.75
Home Ugrade debt,2023-11-01,,Reconciliation balance adjustment,,-21.69
401K,2023-11-01,,Reconciliation balance adjustment,,-1230.73
GFCU Checking,2023-11-01,Citi Bank,,,-48.75
Citi Bank,2023-11-01,GFCU Checking,,,48.75
Citi Bank,2023-11-01,Swamp Rabbit Cafe & Grocery,,Coffee/Tea,-22.62
Capital One Credit Card,2023-11-01,Allstate Credit,,Car Insurance,27.53
Mortgage,2023-11-01,GFCU Checking,,,400
GFCU Checking,2023-11-01,Mortgage,,Mortgage,-400
Capital One Credit Card,2023-11-01,Target,,Toiletries,-15.89
Capital One Credit Card,2023-11-01,Target,,Gifts,-45.97
GFCU Checking,2023-10-31,Interest,,Income,0.12
Capital One Credit Card,2023-10-31,Liquid Highway,,Spending,-5.72
Capital One Credit Card,2023-10-29,Liquid Highway,,Spending,-6.01
Capital One Credit Card,2023-10-29,Cash Back Rewards,,Dates,15
Capital One Credit Card,2023-10-29,Cash Back Rewards,,Spending,13.68
GFCU Checking,2023-10-28,Momma,,Dates,20
Capital One Credit Card,2023-10-28,Odyssey Barber,,Haircut,-48
Capital One Credit Card,2023-10-28,Chewy,,Flea/Tick,-152.99
Capital One Credit Card,2023-10-28,Walmart,,Dates,-18.92
Capital One Credit Card,2023-10-27,Scooters,,Coffee,-6.63
Capital One Credit Card,2023-10-27,Methodical,,Dates,-14.08
Citi Bank,2023-10-27,Lidl,,Groceries,-13.99
Citi Bank,2023-10-27,Walmart,,Groceries,-34.76
Capital One Credit Card,2023-10-27,Spectrum,,Internet,-39.99
GFCU Checking,2023-10-26,Argental,,Medical Debt,-10
GFCU Checking,2023-10-25,Chase Amazon,,,-9.59
Chase Amazon,2023-10-25,GFCU Checking,,,9.59
GFCU Checking,2023-10-25,Home Depot Deposit,,Income,3083.28
Capital One Credit Card,2023-10-25,QT,,Emergency Fund,-8.17
Capital One Credit Card,2023-10-25,QT,,Gas,-23.31
Capital One Credit Card,2023-10-23,Raceway,,Emergency Fund,-15.17
Capital One Credit Card,2023-10-23,Swamp Rabbit Cafe & Grocery,,Coffee/Tea,-21.93
Capital One Credit Card,2023-10-23,Greenville Water,,Greenville Water,-48.98
Capital One Credit Card,2023-10-22,Walmart,,Groceries,-19.02
GFCU Checking,2023-10-21,GFCU Savings,,,200
GFCU Savings,2023-10-21,GFCU Checking,,,-200
Capital One Credit Card,2023-10-21,Other Lands,,Emergency Fund,-6.6
Capital One Credit Card,2023-10-21,Walmart,,Groceries,-9.22
Capital One Credit Card,2023-10-21,Spotify,,Spotify/Amazon,-11.65
Capital One Credit Card,2023-10-20,Scooters,,Emergency Fund,-7.47
Capital One Credit Card,2023-10-20,Target,,Clothes,-36.29
Capital One Credit Card,2023-10-20,Lidl,,Groceries,-25.28
Capital One Credit Card,2023-10-20,Walmart,,Treats,-15.88
Capital One Credit Card,2023-10-20,Walmart,,Groceries,-17.08
Capital One Credit Card,2023-10-19,Allstate,,Umbrella Insurance,-394.32
Capital One Credit Card,2023-10-19,Allstate,,Car Insurance,-155.71
Capital One Credit Card,2023-10-19,Allstate,,Home Insurance,-705.45
Chase Amazon,2023-10-19,Amazon,,Toiletries,-15.89
Capital One Credit Card,2023-10-19,Raceway,,Emergency Fund,-12.18
Capital One Credit Card,2023-10-17,Starbucks,,Emergency Fund,-5.88
Capital One Credit Card,2023-10-17,Walmart,,Coffee/Tea,-3.72
Capital One Credit Card,2023-10-17,Walmart,,Groceries,-22.4
Chase Amazon,2023-10-16,Amazon,,Treats,-77.53
Capital One Credit Card,2023-10-16,Target,,Emergency Fund,-8.31
Capital One Credit Card,2023-10-16,Target,,Emergency Fund,-3.79
Capital One Credit Card,2023-10-16,Starbucks,,Emergency Fund,-6.86
Capital One Credit Card,2023-10-16,Lowe's,,Home Maintenance,-7.4
Capital One Credit Card,2023-10-15,Starbucks,,Coffee,-10
Chase Amazon,2023-10-15,Cash Back Rewards,,Coffee,44.05
Capital One Credit Card,2023-10-14,Methodical,,Coffee/Tea,-21.42
Chase Amazon,2023-10-13,Amazon,,Treats,-77.52
Chase Amazon,2023-10-13,Amazon,,Pet Food,-72.48
Capital One Credit Card,2023-10-13,Target,,Cleaning,-100.05
Capital One Credit Card,2023-10-13,Whole Foods,,Groceries,-13.58
Capital One Credit Card,2023-10-13,Starbucks,,Spending,-7.94
Capital One Credit Card,2023-10-13,QT,,Gas,-22.39
Capital One Credit Card,2023-10-13,Target,,Cleaning,-11.97
Capital One Credit Card,2023-10-13,Lidl,,Groceries,-24.25
Capital One Credit Card,2023-10-13,Cash Back Rewards,,Spending,2.98
Capital One Credit Card,2023-10-13,Walmart,,Groomer,-9.51
Capital One Credit Card,2023-10-13,Cash Back Rewards,,Coffee,2.98
Capital One Credit Card,2023-10-13,Walmart,,Groceries,-23.2
Capital One Credit Card,2023-10-12,Taco Bell,,Spending,-17.57
Capital One Credit Card,2023-10-12,Target,,Emergency Fund,-27.09
Capital One Credit Card,2023-10-12,Target,,Emergency Fund,-7.67
GFCU Checking,2023-10-11,Julianna,,Dates,10
GFCU Checking,2023-10-11,Home Depot Deposit,,Income,1095.77
Capital One Credit Card,2023-10-11,Spinx,,Car Repairs,-14
Capital One Credit Card,2023-10-11,Starbucks,,Spent for Others,-14.15
Capital One Credit Card,2023-10-10,Trader Joe's,,Spending,-2.99
Capital One Credit Card,2023-10-09,Starbucks,,Emergency Fund,-7.94
GFCU Checking,2023-10-08,Capital One Credit Card,,,-1952.25
Capital One Credit Card,2023-10-08,GFCU Checking,,,1952.25
Capital One Credit Card,2023-10-08,Starbucks,,Spending,-4.59
Home Ugrade debt,2023-10-08,GFCU Checking,,,160
GFCU Checking,2023-10-08,Home Ugrade debt,,Home Upgrade,-160
Capital One Credit Card,2023-10-07,Starbucks,,Spending,-7.94
Capital One Credit Card,2023-10-07,The Home Depot,,Home Maintenance,-21.17
Citi Bank,2023-10-07,GFCU Checking,,,100
GFCU Checking,2023-10-07,Citi Bank,,,-100
GFCU Checking,2023-10-07,Piedmont Natural Gas,,Piedmont Natural Gas,-27
Capital One Credit Card,2023-10-07,Starbucks,,Spending,-7.94
Capital One Credit Card,2023-10-07,Chipotle,,Spending,-26.46
Capital One Credit Card,2023-10-07,Walmart,,WF5 Computer,-83.74
GFCU Checking,2023-10-07,Momma,,WF5 Computer,100
GFCU Checking,2023-10-07,Momma,,Spending,40
Citi Bank,2023-10-06,Amazon Refund,,WF5 Computer,28.57
Citi Bank,2023-10-06,Amazon,,WF5 Computer,-36.73
Citi Bank,2023-10-06,Amazon Refund,,WF5 Computer,12.71
Capital One Credit Card,2023-10-06,Starbucks,,Spent for Others,-15.66
Capital One Credit Card,2023-10-06,Lidl,,Groceries,-26.99
Capital One Credit Card,2023-10-06,Walmart,,Groceries,-12.75
Citi Bank,2023-10-06,GFCU Checking,,,500
GFCU Checking,2023-10-06,Citi Bank,,,-500
GFCU Checking,2023-10-06,Momma,,Income,500
Citi Bank,2023-10-05,Amazon,,WF5 Computer,-38.95
Capital One Credit Card,2023-10-05,Target,,Emergency Fund,-4.49
Capital One Credit Card,2023-10-05,Lowe's,,Home Maintenance,-40.2
Capital One Credit Card,2023-10-05,Target,,Emergency Fund,-7.67
Capital One Credit Card,2023-10-04,Petco,,Cat Litter,-16.42
Capital One Credit Card,2023-10-04,Starbucks,,Spending,-3.77
Capital One Credit Card,2023-10-04,QT,,Spending,-8.17
Capital One Credit Card,2023-10-04,QT,,Gas,-26.61
Capital One Credit Card,2023-10-04,Starbucks,,Spent for Others,-12.53
GFCU Checking,2023-10-04,Julianna,,Spent for Others,15
GFCU Checking,2023-10-04,Duke Energy,,Duke Energy,-75
Capital One Credit Card,2023-10-04,Cash Back Rewards,,Spending,3.69
Capital One Credit Card,2023-10-04,Cash Back Rewards,,Coffee,1.85
Capital One Credit Card,2023-10-04,Cash Back Rewards,,Dates,1.84
Citi Bank,2023-10-02,Newegg,,WF5 Computer,-1038.79
Citi Bank,2023-10-02,Newegg,,WF5 Computer,-161.1
Citi Bank,2023-10-02,Amazon,,WF5 Computer,-2260.38
Citi Bank,2023-10-02,Amazon,,WF5 Computer,-477
Capital One Credit Card,2023-10-02,Starbucks,,Spending,-5.89
Capital One Credit Card,2023-10-02,Barnes & Noble,,Books,-11.65
Citi Bank,2023-10-02,Best Buy,,WF5 Computer,-199.26
Capital One Credit Card,2023-10-02,Target,,Spending,-3.89
Capital One Credit Card,2023-10-02,Target,,Spending,-4.7
Cash,2023-10-02,Cash found,,Spending,10
Capital One Credit Card,2023-10-02,Swamp Rabbit Cafe & Grocery,,Coffee/Tea,-16.99
Capital One Credit Card,2023-10-02,Swamp Rabbit Cafe & Grocery,,Spending,-5.94
Capital One Credit Card,2023-10-01,Petsmart,,Groomer,-64
Capital One Credit Card,2023-10-01,Starbucks,,Spending,-6.43
Mortgage,2023-10-01,GFCU Checking,,,400
GFCU Checking,2023-10-01,Mortgage,,Mortgage,-400
GFCU Checking,2023-09-30,Interest,,Income,0.12
GFCU Savings,2023-09-30,Interest,,Income,0.05
Capital One Credit Card,2023-09-30,Odyssey Barber,,Haircut,-48
Mortgage,2023-09-29,,Reconciliation balance adjustment,,173.68
Home Ugrade debt,2023-09-29,,Reconciliation balance adjustment,,-22.38
401K,2023-09-29,,Reconciliation balance adjustment,,-2441.02
GFCU Checking,2023-09-29,Julianna,,Dates,20
Capital One Credit Card,2023-09-29,Whole Foods,,Spending,-11.48
Capital One Credit Card,2023-09-29,Starbucks,,Dates,-6.97
Capital One Credit Card,2023-09-29,Lidl,,Groceries,-22.9
Capital One Credit Card,2023-09-29,Walmart,,Groceries,-23.94
Capital One Credit Card,2023-09-28,Starbucks,,Spending,-10
Capital One Credit Card,2023-09-28,QT,,Emergency Fund,-8.17
Cash,2023-09-28,Momma,,Spending,-10
Cash,2023-09-28,Momma,,Coffee,-10
GFCU Checking,2023-09-27,Argental,,Medical Debt,-10
GFCU Checking,2023-09-27,Julianna,,Spent for Others,15
GFCU Checking,2023-09-27,Home Depot Deposit,,Income,1057.98
Capital One Credit Card,2023-09-27,Starbucks,,Spending,-6.86
Capital One Credit Card,2023-09-27,Target,,Emergency Fund,-3.99
Capital One Credit Card,2023-09-27,Target,,Emergency Fund,-8.53
Capital One Credit Card,2023-09-27,Spectrum,,Internet,-39.99
Capital One Credit Card,2023-09-27,Target,,Spent for Others,-3.99
Capital One Credit Card,2023-09-27,Target,,Groceries,-17.75
Chase Amazon,2023-09-26,GFCU Checking,,,380.07
GFCU Checking,2023-09-26,Chase Amazon,,,-380.07
Capital One Credit Card,2023-09-26,Target,,Emergency Fund,-3.99
Capital One Credit Card,2023-09-26,Starbucks,,Spending,-6.43
Capital One Credit Card,2023-09-26,Target,,Spending,-7.67
Chase Amazon,2023-09-25,Amazon,,Toiletries,-27.98
Capital One Credit Card,2023-09-25,Starbucks,,Spending,-7.94
Capital One Credit Card,2023-09-25,QT,,Gas,-26.58
Capital One Credit Card,2023-09-25,Starbucks,,Spending,-6.43
Capital One Credit Card,2023-09-25,Apple,,Spending,-4.99
Capital One Credit Card,2023-09-24,QT,,Spending,-8.17
Capital One Credit Card,2023-09-24,Starbucks,,Spending,-7.94
Capital One Credit Card,2023-09-23,Starbucks,,Spending,-4.59
Capital One Credit Card,2023-09-23,,Reconciliation balance adjustment,Emergency Fund,-6.86
Capital One Credit Card,2023-09-23,Cash Back Rewards,,Coffee,9.66
Capital One Credit Card,2023-09-23,Whole Foods,,Dates,-40.48
Capital One Credit Card,2023-09-23,As The Page Turns,,Spending,-13.99
Capital One Credit Card,2023-09-22,Starbucks,,Dates,-15.23
Capital One Credit Card,2023-09-22,Lidl,,Groceries,-25.93
Capital One Credit Card,2023-09-22,Walmart,,Cleaning,-3.58
Capital One Credit Card,2023-09-22,Walmart,,Groceries,-11.95
Capital One Credit Card,2023-09-21,Swamp Rabbit Cafe & Grocery,,Coffee/Tea,-23.43
Capital One Credit Card,2023-09-21,Starbucks,,Spending,-7.94
Capital One Credit Card,2023-09-21,Spinx,,Spending,-11.11
Capital One Credit Card,2023-09-21,Spotify,,Spotify/Amazon,-11.65
Capital One Credit Card,2023-09-21,Greenville Water,,Greenville Water,-59.61
Capital One Credit Card,2023-09-20,QT,,Spending,-7.67
Capital One Credit Card,2023-09-20,Starbucks,,Spending,-4.59
Capital One Credit Card,2023-09-20,Raceway,,Spending,-5.18
Capital One Credit Card,2023-09-19,Starbucks,,Spending,-7.94
GFCU Checking,2023-09-18,Home Depot Deposit,,Spending,63.89
GFCU Checking,2023-09-18,Julianna,,Dates,15
Capital One Credit Card,2023-09-18,Starbucks,,Dates,-15.44
Capital One Credit Card,2023-09-18,Whole Foods,,Groceries,-2.99
Capital One Credit Card,2023-09-18,Whole Foods,,Dates,-9.03
Capital One Credit Card,2023-09-17,Starbucks,,Spending,-6.86
Capital One Credit Card,2023-09-16,QT,,Gas,-23.9
Capital One Credit Card,2023-09-16,QT,,Spending,-7.57
Capital One Credit Card,2023-09-16,,Reconciliation balance adjustment,Spending,26.68
Capital One Credit Card,2023-09-16,Starbucks,,Coffee,-4.59
Capital One Credit Card,2023-09-16,10 Minute Oil Change,,Car Repairs,-89.02
Capital One Credit Card,2023-09-16,The Home Depot,,Home Maintenance,-7.79
Capital One Credit Card,2023-09-15,Starbucks,,Coffee,-4.59
Capital One Credit Card,2023-09-15,Barnes & Noble Refund,,Books,13.77
Capital One Credit Card,2023-09-15,Barnes & Noble,,Books,-15.9
Capital One Credit Card,2023-09-15,Walmart,,Groceries,-27.21
Capital One Credit Card,2023-09-15,Lidl,,Groceries,-25.97
Chase Amazon,2023-09-14,Amazon,,Toiletries,-25.66
Capital One Credit Card,2023-09-14,Starbucks,,Coffee,-1.45
Capital One Credit Card,2023-09-14,Barnes & Noble,,Books,-46.61
Capital One Credit Card,2023-09-14,Walmart,,Dates,-24.31
Capital One Credit Card,2023-09-13,Harris Teeter,,Spending,-9.29
Capital One Credit Card,2023-09-12,Swamp Rabbit Cafe & Grocery,,Coffee/Tea,-22.93
Capital One Credit Card,2023-09-12,Starbucks,,Coffee,-4.59
GFCU Checking,2023-09-11,Home Depot Deposit,,Income,1071.87
GFCU Checking,2023-09-11,Julianna,,Spent for Others,15
GFCU Checking,2023-09-11,Venmo,,Spending,-10
Capital One Credit Card,2023-09-11,Starbucks,,Coffee,-4.59
Capital One Credit Card,2023-09-11,Target,,Spending,-3.99
Capital One Credit Card,2023-09-11,Target,,Groceries,-3.29
Capital One Credit Card,2023-09-11,Target,,Spent for Others,-13.38
Capital One Credit Card,2023-09-09,Starbucks,,Coffee,-10
Capital One Credit Card,2023-09-09,Harris Teeter,,Emergency Fund,-8.78
Capital One Credit Card,2023-09-09,Jersey Bagel Brothers,,Dates,-9.61
Capital One Credit Card,2023-09-09,Cash Back Rewards,,Coffee,-6.67
GFCU Checking,2023-09-09,Momma,,Coffee,10
Capital One Credit Card,2023-09-09,Cash Back Rewards,,Spending,-6.67
GFCU Checking,2023-09-09,Momma,,Spending,10
GFCU Checking,2023-09-08,Capital One Credit Card,,,-2248.62
Capital One Credit Card,2023-09-08,GFCU Checking,,,2248.62
Capital One Credit Card,2023-09-08,QT,,Spending,-8.17
Capital One Credit Card,2023-09-08,Starbucks,,Coffee,-2.04
Capital One Credit Card,2023-09-08,Lidl,,Groceries,-40.96
Home Ugrade debt,2023-09-08,GFCU Checking,,,160
GFCU Checking,2023-09-08,Home Ugrade debt,,Home Upgrade,-160
Capital One Credit Card,2023-09-08,Walmart,,Toiletries,-11.61
Capital One Credit Card,2023-09-08,Walmart,,Groceries,-19.31
GFCU Checking,2023-09-07,Julianna,,Dates,15
Capital One Credit Card,2023-09-07,QT,,Spending,-5.78
Capital One Credit Card,2023-09-07,Starbucks,,Emergency Fund,-7.94
Capital One Credit Card,2023-09-07,QT,,Gas,-27.18
Capital One Credit Card,2023-09-07,Target,,Emergency Fund,-5.29
GFCU Checking,2023-09-07,Piedmont Natural Gas,,Piedmont Natural Gas,-27
Capital One Credit Card,2023-09-06,Apple,,Spending,-2.99
Capital One Credit Card,2023-09-06,Target,,Emergency Fund,-7.07
Capital One Credit Card,2023-09-06,Target,,Emergency Fund,-3.89
Capital One Credit Card,2023-09-05,Starbucks,,Spending,-4.59
GFCU Checking,2023-09-04,Duke Energy,,Duke Energy,-71
GFCU Checking,2023-09-04,Mortgage,,Mortgage,-400
Mortgage,2023-09-04,GFCU Checking,,,400
Capital One Credit Card,2023-09-03,Walmart,,Groceries,-5.48
Capital One Credit Card,2023-09-03,Walmart,,Emergency Fund,-31.76
Capital One Credit Card,2023-09-02,Odyssey Barber,,Haircut,-48
Capital One Credit Card,2023-09-02,Swamp Rabbit Cafe & Grocery,,Coffee/Tea,-15.49
Capital One Credit Card,2023-09-02,Starbucks,,Dates,-9.61
Mortgage,2023-09-01,,Reconciliation balance adjustment,,-626.77
Home Ugrade debt,2023-09-01,,Reconciliation balance adjustment,,-23.8
GFCU Checking,2023-09-01,,Reconciliation balance adjustment,Income,40
Capital One Credit Card,2023-09-01,Greenville Water,,Greenville Water,-45.85
Capital One Credit Card,2023-09-01,Starbucks,,Coffee,-10
Capital One Credit Card,2023-09-01,QT,,Spending,-10.66
Capital One Credit Card,2023-09-01,Walmart,,Groceries,-33.22
Capital One Credit Card,2023-09-01,Lidl,,Groceries,-25.18
GFCU Checking,2023-08-31,Interest,,Income,0.15
Capital One Credit Card,2023-08-31,Kannikas Kitchen,,Dates,-46.73
GFCU Checking,2023-08-30,Home Depot Deposit,,Income,1072.04
Capital One Credit Card,2023-08-30,Harris Teeter,,Groceries,-18.06
Capital One Credit Card,2023-08-30,Harris Teeter,,Emergency Fund,-6.86
GFCU Checking,2023-08-29,Argental,,Medical Debt,-10
Capital One Credit Card,2023-08-29,QT,,Gas,-24.78
Capital One Credit Card,2023-08-29,QT,,Emergency Fund,-7.97
Capital One Credit Card,2023-08-28,Target,,Emergency Fund,-7.4
Capital One Credit Card,2023-08-28,Target,,Emergency Fund,-3.99
Chase Amazon,2023-08-27,Amazon Refund,,Toiletries,50.62
Capital One Credit Card,2023-08-27,Spectrum,,Internet,-39.99
Capital One Credit Card,2023-08-26,Starbucks,,Coffee,-10
Capital One Credit Card,2023-08-26,Walmart,,Groceries,-4.94
GFCU Checking,2023-08-26,Momma,,Coffee,-10
GFCU Checking,2023-08-26,Momma,,Spending,-10
GFCU Checking,2023-08-25,Chase Amazon,,,-418.77
Chase Amazon,2023-08-25,GFCU Checking,,,418.77
Capital One Credit Card,2023-08-25,Lidl,,Groceries,-18.72
Capital One Credit Card,2023-08-25,Target,,Spending,-63.59
Capital One Credit Card,2023-08-25,Walmart,,Groceries,-14
Capital One Credit Card,2023-08-25,Petco,,Pet Food,-25.36
Capital One Credit Card,2023-08-24,Whole Foods,,Dates,-33.54
Capital One Credit Card,2023-08-23,Valve,,Spending,-19.99
Capital One Credit Card,2023-08-23,Starbucks,,Spending,-10
Capital One Credit Card,2023-08-23,QT,,Emergency Fund,-6.77
Capital One Credit Card,2023-08-22,Lethal Gaming Gear,,Spending,-29.03
Capital One Credit Card,2023-08-21,Spotify,,Spotify/Amazon,-10.59
Capital One Credit Card,2023-08-20,Swamp Rabbit Cafe & Grocery,,Coffee/Tea,-21.93
Capital One Credit Card,2023-08-20,Walmart,,Toiletries,-9.44
Capital One Credit Card,2023-08-20,Walmart,,Toiletries,-19.31
Chase Amazon,2023-08-20,Amazon,,Treats,-20.13
Chase Amazon,2023-08-20,Amazon,,Home Maintenance,-11.65
Capital One Credit Card,2023-08-20,Walmart,,Groceries,-9.66
Capital One Credit Card,2023-08-20,Walmart,,Treats,-11.64
Chase Amazon,2023-08-20,Amazon,,Spending,-105.95
Capital One Credit Card,2023-08-19,QT,,Gas,-24.82
Capital One Credit Card,2023-08-19,Whole Foods,,Dates,-24.51
Capital One Credit Card,2023-08-19,Starbucks,,Coffee,-10
Cash,2023-08-19,Momma,,Coffee,5
GFCU Checking,2023-08-19,Momma,,Coffee,10
GFCU Checking,2023-08-19,Momma,,Spending,10
Cash,2023-08-19,Momma,,Spending,5
Capital One Credit Card,2023-08-18,Lidl,,Groceries,-33.68
Capital One Credit Card,2023-08-18,Walmart,,Treats,-24.87
Capital One Credit Card,2023-08-18,Walmart,,Groceries,-17.18
Capital One Credit Card,2023-08-17,Starbucks,,Coffee,-10
Capital One Credit Card,2023-08-17,Cash Back Rewards,,Coffee,7.53
Capital One Credit Card,2023-08-17,Cash Back Rewards,,Spending,7.52
GFCU Checking,2023-08-16,Home Depot Deposit,,Income,1075.57
GFCU Checking,2023-08-15,Julianna,,Dates,10
GFCU Checking,2023-08-15,The Home Depot,,Spent for Others,-11.64
Capital One Credit Card,2023-08-15,FootHills Vet,,Emergency Fund,-871.27
Capital One Credit Card,2023-08-15,Starbucks,,Dates,-16.88
GFCU Checking,2023-08-15,Julianna,,Spent for Others,11.64
GFCU Checking,2023-08-15,Walmart,,Groceries,-5.48
GFCU Checking,2023-08-15,Walmart,,Treats,-21.16
GFCU Checking,2023-08-15,Julianna,,Dates,3.36
Chase Amazon,2023-08-14,Amazon,,Home Maintenance,-6.31
Chase Amazon,2023-08-14,Amazon,,Spending,-74.19
Chase Amazon,2023-08-14,Amazon,,Home Maintenance,-21.18
Cash,2023-08-13,Market,,Spending,-30
Capital One Credit Card,2023-08-13,Starbucks,,Dates,-14.5
GFCU Checking,2023-08-12,Venmo,,Spending,-9
Capital One Credit Card,2023-08-12,Target,,Home Maintenance,-29.53
GFCU Checking,2023-08-12,The Home Depot,,Home Maintenance,-51.34
Chase Amazon,2023-08-11,Amazon,,Home Maintenance,-56.44
Chase Amazon,2023-08-11,Amazon,,Pet Food,-72.48
GFCU Checking,2023-08-11,Venmo Cash Out,,Spending,50
Capital One Credit Card,2023-08-11,QT,,Gas,-27.08
Capital One Credit Card,2023-08-11,QT,,Spending,-8.17
Capital One Credit Card,2023-08-11,Starbucks,,Coffee,-7.64
Capital One Credit Card,2023-08-11,Lidl,,Dates,-8.82
Capital One Credit Card,2023-08-11,Cash Back Rewards,,Coffee,8
GFCU Checking,2023-08-11,Walmart,,Dates,-4.14
Capital One Credit Card,2023-08-11,Cash Back Rewards,,Spending,8
GFCU Checking,2023-08-11,Walmart,,Groceries,-42.59
Capital One Credit Card,2023-08-11,Lidl,,Groceries,-23.76
GFCU Checking,2023-08-10,Sell Stuff,,Spending,90
Capital One Credit Card,2023-08-10,Swamp Rabbit Cafe & Grocery,,Coffee/Tea,-22.93
GFCU Checking,2023-08-08,Capital One Credit Card,,,-2047.45
Capital One Credit Card,2023-08-08,GFCU Checking,,,2047.45
Home Ugrade debt,2023-08-08,GFCU Checking,,,160
GFCU Checking,2023-08-08,Home Ugrade debt,,Home Upgrade,-160
GFCU Checking,2023-08-08,Momma,,Coffee,30
Capital One Credit Card,2023-08-08,Starbucks,,Coffee,-10
GFCU Checking,2023-08-07,Piedmont Natural Gas,,Piedmont Natural Gas,-27
Capital One Credit Card,2023-08-07,Whole Foods,,Spending,-7.31
Capital One Credit Card,2023-08-07,Petsmart,,Emergency Fund,-81.05
Capital One Credit Card,2023-08-07,Starbucks,,Coffee,-10
Capital One Credit Card,2023-08-07,Walmart,,Groceries,-5.98
Capital One Credit Card,2023-08-07,Walmart,,Home Maintenance,-15.84
GFCU Checking,2023-08-06,Momma,,Coffee,20
Capital One Credit Card,2023-08-06,Starbucks,,Dates,-10
Capital One Credit Card,2023-08-06,Walmart,,Groceries,-11.98
Capital One Credit Card,2023-08-06,Walmart,,Toiletries,-4.76
Capital One Credit Card,2023-08-06,Walmart,,Cleaning,-23.72
Capital One Credit Card,2023-08-05,QT,,Emergency Fund,-14.14
Capital One Credit Card,2023-08-05,Odyssey Barber,,Haircut,-48
Capital One Credit Card,2023-08-05,Lush,,Toiletries,-43.46
Capital One Credit Card,2023-08-05,Walmart,,Emergency Fund,-9.36
Capital One Credit Card,2023-08-05,Cocobowlz,,Gifts,-14.08
Capital One Credit Card,2023-08-04,QT,,Emergency Fund,-7.37
Capital One Credit Card,2023-08-04,Lidl,,Groceries,-31.18
Capital One Credit Card,2023-08-04,Walmart,,Groceries,-12.77
GFCU Checking,2023-08-04,Duke Energy,,Duke Energy,-71
Chase Amazon,2023-08-03,Amazon,,Toiletries,-50.62
Capital One Credit Card,2023-08-03,Cash Back Rewards,,Coffee,15
Capital One Credit Card,2023-08-03,Starbucks,,Coffee,-15
GFCU Checking,2023-08-02,Home Depot Deposit,,Income,1071
Chase Amazon,2023-08-02,Amazon,,Cleaning,-7.93
Chase Amazon,2023-08-02,Amazon,,Groomer,-3.81
Capital One Credit Card,2023-08-02,Spinx,,Car Repairs,-10
Capital One Credit Card,2023-08-02,Starbucks,,Spending,-2.1
Capital One Credit Card,2023-08-02,QT,,Gas,-25.99
Capital One Credit Card,2023-08-02,QT,,Emergency Fund,-16.93
Capital One Credit Card,2023-08-01,Petsmart,,Cat Litter,-22.25
Capital One Credit Card,2023-08-01,Swamp Rabbit Cafe & Grocery,,Coffee/Tea,-17.49
Mortgage,2023-08-01,GFCU Checking,,,400
GFCU Checking,2023-08-01,Mortgage,,Mortgage,-400
Capital One Credit Card,2023-08-01,USAA,,Home Insurance,-793.81
Capital One Credit Card,2023-08-01,Walmart,,Groceries,-11.63
Capital One Credit Card,2023-08-01,USAA,,Car Insurance,-269.22
Capital One Credit Card,2023-08-01,Walmart,,Groomer,-9.51
Capital One Credit Card,2023-08-01,Walmart,,Capital One Credit Card,-24.31
GFCU Checking,2023-07-31,Interest,,Income,0.17
Mortgage,2023-07-30,,Reconciliation balance adjustment,,-227.22
Home Ugrade debt,2023-07-30,,Reconciliation balance adjustment,,-24.47
401K,2023-07-30,,Reconciliation balance adjustment,,1791.15
Capital One Credit Card,2023-07-30,,Reconciliation balance adjustment,Capital One Credit Card,-16.29
GFCU Checking,2023-07-29,Momma,,Coffee,40
Capital One Credit Card,2023-07-29,Starbucks,,Coffee,-20
Capital One Credit Card,2023-07-28,Walmart,,Groceries,-29.24
Capital One Credit Card,2023-07-28,Lidl,,Groceries,-23.53
GFCU Checking,2023-07-27,Argental,,Medical Debt,-10
Capital One Credit Card,2023-07-27,QT,,Emergency Fund,-10.06
Capital One Credit Card,2023-07-27,Spectrum,,Internet,-39.99
Chase Amazon,2023-07-26,Amazon,,Chase Amazon Credit Card,-94.23
Capital One Credit Card,2023-07-26,QT,,Gas,-24.77
Capital One Credit Card,2023-07-26,QT,,Emergency Fund,-5.98
Capital One Credit Card,2023-07-26,Starbucks,,Capital One Credit Card,-3.32
GFCU Checking,2023-07-25,Chase Amazon,,,-357.27
Chase Amazon,2023-07-25,GFCU Checking,,,357.27
Capital One Credit Card,2023-07-25,Goodwill,,Books,-1
Capital One Credit Card,2023-07-25,The Home Depot,,Home Maintenance,-15.86
Capital One Credit Card,2023-07-24,Greenville Water,,Greenville Water,-47.94
Capital One Credit Card,2023-07-22,,Reconciliation balance adjustment,Emergency Fund,-78.14
Capital One Credit Card,2023-07-22,Starbucks,,Capital One Credit Card,-6.43
Capital One Credit Card,2023-07-22,Starbucks,,Capital One Credit Card,-7.94
Capital One Credit Card,2023-07-22,Swamp Rabbit Cafe & Grocery,,Coffee/Tea,-21.93
Cash,2023-07-22,Sarah,,Chase Amazon Credit Card,200
Capital One Credit Card,2023-07-22,Barnes & Noble,,Books,-28.61
Chase Amazon,2023-07-21,Amazon,,Chase Amazon Credit Card,-68.85
Chase Amazon,2023-07-21,Amazon,,Chase Amazon Credit Card,-111.49
Capital One Credit Card,2023-07-21,Starbucks,,Capital One Credit Card,-6.64
Capital One Credit Card,2023-07-21,Walmart,,Groceries,-27.44
Capital One Credit Card,2023-07-21,Lidl,,Groceries,-21.41
Capital One Credit Card,2023-07-21,Whole Foods,,Emergency Fund,-11.48
Capital One Credit Card,2023-07-21,Spotify,,Spotify/Amazon,-10.59
Chase Amazon,2023-07-20,Amazon,,Chase Amazon Credit Card,-16.74
Capital One Credit Card,2023-07-20,Starbucks,,Capital One Credit Card,-6.43
GFCU Checking,2023-07-19,Home Depot Deposit,,Income,1073.23
Capital One Credit Card,2023-07-16,,Reconciliation balance adjustment,Emergency Fund,-14.43
Capital One Credit Card,2023-07-16,Cash Back Rewards,,Emergency Fund,8.29
GFCU Checking,2023-07-15,Spinx,,Car Repairs,-13
Capital One Credit Card,2023-07-15,Whole Foods,,Emergency Fund,-9.8
Capital One Credit Card,2023-07-14,Lidl,,Groceries,-29.2
Capital One Credit Card,2023-07-14,Whole Foods,,Groceries,-15.5
Capital One Credit Card,2023-07-14,Walmart,,Groceries,-19.73
Capital One Credit Card,2023-07-14,Target,,Emergency Fund,-26.68
Capital One Credit Card,2023-07-13,Starbucks,,Emergency Fund,-6.64
Capital One Credit Card,2023-07-13,QT,,Emergency Fund,-8.17
Capital One Credit Card,2023-07-12,Starbucks,,Emergency Fund,-6.43
Capital One Credit Card,2023-07-12,Target,,Emergency Fund,-5.19
Capital One Credit Card,2023-07-12,Target,,Emergency Fund,-6.22
Capital One Credit Card,2023-07-11,Starbucks,,Emergency Fund,-6.43
Capital One Credit Card,2023-07-10,Starbucks,,Emergency Fund,-6.43
Capital One Credit Card,2023-07-10,Walmart,,Emergency Fund,-12.17
Capital One Credit Card,2023-07-09,Swamp Rabbit Cafe & Grocery,,Coffee/Tea,-20.35
Chase Amazon,2023-07-08,Amazon,,Toiletries,-5.07
Capital One Credit Card,2023-07-08,Odyssey Barber,,Haircut,-40
Capital One Credit Card,2023-07-08,Starbucks,,Coffee,-8.05
Capital One Credit Card,2023-07-08,QT,,Gas,-24.91
Capital One Credit Card,2023-07-08,QT,,Emergency Fund,-6.77
Capital One Credit Card,2023-07-08,Starbucks,,Coffee,-6.43
Home Ugrade debt,2023-07-08,GFCU Checking,,,160
GFCU Checking,2023-07-08,Home Ugrade debt,,Home Upgrade,-160
GFCU Checking,2023-07-08,Capital One Credit Card,,,-1808.78
Capital One Credit Card,2023-07-08,GFCU Checking,,,1808.78
GFCU Checking,2023-07-07,Momma,,Coffee,20
Capital One Credit Card,2023-07-07,Starbucks,,Dates,-13.61
Capital One Credit Card,2023-07-07,Asia Pacific Supermarket,,Groceries,-7.66
Capital One Credit Card,2023-07-07,Lidl,,Groceries,-13.84
Capital One Credit Card,2023-07-07,Walmart,,Toiletries,-19.91
Capital One Credit Card,2023-07-07,Walmart,,Groceries,-15.48
GFCU Checking,2023-07-06,Home Depot Deposit,,Income,1096.77
Capital One Credit Card,2023-07-06,Target,,Emergency Fund,-7.07
Capital One Credit Card,2023-07-06,QT,,Emergency Fund,-10.66
Capital One Credit Card,2023-07-06,Starbucks,,Emergency Fund,-6.43
Capital One Credit Card,2023-07-06,Target,,Emergency Fund,-15.78
Capital One Credit Card,2023-07-05,Harris Teeter,,Emergency Fund,-6.78
GFCU Checking,2023-07-05,Piedmont Natural Gas,,Piedmont Natural Gas,-27
Capital One Credit Card,2023-07-04,Starbucks,,Spending,-6.64
Capital One Credit Card,2023-07-04,Whole Foods,,Spending,-12.42
Capital One Credit Card,2023-07-03,Target,,Emergency Fund,-7.07
Capital One Credit Card,2023-07-03,Target,,Emergency Fund,-5.68
Chase Amazon,2023-07-03,Amazon,,Treats,-122.39
Capital One Credit Card,2023-07-03,Cash Back Rewards,,Spending,7.31
GFCU Checking,2023-07-03,Duke Energy,,Duke Energy,-71
Capital One Credit Card,2023-07-02,Cash Back Rewards,,Spending,10
Capital One Credit Card,2023-07-02,Starbucks,,Spending,-2.86
Capital One Credit Card,2023-07-02,Petsmart,,Groomer,-61.5
Capital One Credit Card,2023-07-02,Harris Teeter,,Emergency Fund,-13.26
Capital One Credit Card,2023-07-01,Starbucks,,Spending,-10
Mortgage,2023-07-01,GFCU Checking,,,400
GFCU Checking,2023-07-01,Mortgage,,Mortgage,-400
Capital One Credit Card,2023-07-01,Walmart,,Toiletries,-3.15
Capital One Credit Card,2023-07-01,Swamp Rabbit Cafe & Grocery,,Coffee/Tea,-15.99
Capital One Credit Card,2023-07-01,Swamp Rabbit Cafe & Grocery,,Spending,-5.94
Capital One Credit Card,2023-07-01,Walmart,,Groceries,-12.52
GFCU Savings,2023-06-30,Interest,,Income,0.59
GFCU Checking,2023-06-30,Interest,,Income,0.12
Capital One Credit Card,2023-06-30,Starbucks,,Spending,-6.43
Mortgage,2023-06-30,,Reconciliation balance adjustment,,-227.67
Home Ugrade debt,2023-06-30,,Reconciliation balance adjustment,,-24.39
401K,2023-06-30,,Reconciliation balance adjustment,,1794.76
Chase Amazon,2023-06-30,,Reconciliation balance adjustment,Chase Amazon Credit Card,-53.28
Capital One Credit Card,2023-06-30,QT,,Capital One Credit Card,-8.17
Capital One Credit Card,2023-06-30,QT,,Gas,-24.89
Capital One Credit Card,2023-06-30,Lidl,,Groceries,-22.34
Capital One Credit Card,2023-06-30,Walmart,,Groceries,-16.12
Capital One Credit Card,2023-06-30,Starbucks,,Capital One Credit Card,-6.43
Capital One Credit Card,2023-06-29,Starbucks,,Capital One Credit Card,-6.43
Capital One Credit Card,2023-06-29,Usa Vending,,Capital One Credit Card,-2.1
GFCU Checking,2023-06-27,Argental,,Medical Debt,-10
Capital One Credit Card,2023-06-27,QT,,Capital One Credit Card,-8.17
Capital One Credit Card,2023-06-27,Spectrum,,Internet,-39.99
GFCU Checking,2023-06-25,Chase Amazon,,,-198.84
Chase Amazon,2023-06-25,GFCU Checking,,,198.84
Capital One Credit Card,2023-06-25,Mint Mobile,,Phone,-390.09
Capital One Credit Card,2023-06-25,Walmart,,Groceries,-11.98
Capital One Credit Card,2023-06-25,Walmart,,Groomer,-7.39
Capital One Credit Card,2023-06-25,Walmart,,Toiletries,-3.15
Capital One Credit Card,2023-06-24,Chewy,,Flea/Tick,-76.74
Capital One Credit Card,2023-06-24,Starbucks,,Spending,-7.94
Capital One Credit Card,2023-06-24,Valve,,Spending,-14.99
Capital One Credit Card,2023-06-23,Starbucks,,Capital One Credit Card,-3.58
Capital One Credit Card,2023-06-23,The Home Depot,,Emergency Fund,-30.71
Capital One Credit Card,2023-06-23,Lidl,,Groceries,-26.72
Capital One Credit Card,2023-06-23,Whole Foods,,Groceries,-2.99
Capital One Credit Card,2023-06-23,Walmart,,Treats,-15.88
Capital One Credit Card,2023-06-23,Walmart,,Groceries,-13.86
Capital One Credit Card,2023-06-23,Whole Foods,,Spending,-11.48
Capital One Credit Card,2023-06-22,Whole Foods,,Spending,-12.42
Capital One Credit Card,2023-06-22,Greenville Water,,Greenville Water,-51.07
GFCU Checking,2023-06-21,Home Depot Deposit,,Income,1000.86
Capital One Credit Card,2023-06-21,Spotify,,Spotify/Amazon,-10.59
Capital One Credit Card,2023-06-21,Advanced Auto Parts,,Capital One Credit Card,-84.78
Capital One Credit Card,2023-06-21,QT,,Spending,-7.27
Capital One Credit Card,2023-06-21,QT,,Emergency Fund,-15.25
Capital One Credit Card,2023-06-21,Cash Back Rewards,,Capital One Credit Card,10
Capital One Credit Card,2023-06-21,Starbucks,,Capital One Credit Card,-10
GFCU Checking,2023-06-20,Venmo,,Emergency Fund,-10
Capital One Credit Card,2023-06-20,QT,,Spending,-8.17
Capital One Credit Card,2023-06-20,QT,,Gas,-24.7
GFCU Checking,2023-06-18,Check Deposit,,Capital One Credit Card,235
Capital One Credit Card,2023-06-18,Starbucks,,Capital One Credit Card,-7.94
Capital One Credit Card,2023-06-18,BeeKeeb,,Capital One Credit Card,-252
Capital One Credit Card,2023-06-18,Spinx,,Car Repairs,-10
Capital One Credit Card,2023-06-18,Starbucks,,Capital One Credit Card,-6.43
GFCU Checking,2023-06-18,GFCU Savings,,,2400
GFCU Savings,2023-06-18,GFCU Checking,,,-2400
Capital One Credit Card,2023-06-18,,Reconciliation balance adjustment,Emergency Fund,-13.28
Capital One Credit Card,2023-06-18,Swamp Rabbit Cafe & Grocery,,Coffee/Tea,-14.99
Capital One Credit Card,2023-06-18,Swamp Rabbit Cafe & Grocery,,Capital One Credit Card,-5.94
Capital One Credit Card,2023-06-17,Starbucks,,Capital One Credit Card,-7.94
Capital One Credit Card,2023-06-17,Spinning Jenny,,Capital One Credit Card,-5
Capital One Credit Card,2023-06-17,Starbucks,,Emergency Fund,-6.43
Capital One Credit Card,2023-06-16,Starbucks,,Capital One Credit Card,-6.43
Capital One Credit Card,2023-06-16,Woodruff Dentistry,,Medical Debt,-158
Capital One Credit Card,2023-06-16,Woodruff Dentistry,,Medical Debt,-42
Capital One Credit Card,2023-06-16,Lidl,,Groceries,-14.24
Capital One Credit Card,2023-06-16,Walmart,,Groceries,-29.61
Capital One Credit Card,2023-06-15,Target,,Emergency Fund,-5.78
Capital One Credit Card,2023-06-15,Target,,Emergency Fund,-5.99
Capital One Credit Card,2023-06-14,Starbucks,,Emergency Fund,-6.43
Capital One Credit Card,2023-06-13,Target,,Emergency Fund,-21.18
Capital One Credit Card,2023-06-13,Target,,Emergency Fund,6.64
Capital One Credit Card,2023-06-13,Starbucks,,Emergency Fund,-7.94
Capital One Credit Card,2023-06-12,QT,,Gas,-25.24
Capital One Credit Card,2023-06-12,QT,,Emergency Fund,-7.73
Capital One Credit Card,2023-06-11,Cash Back Rewards,,Emergency Fund,17.21
Capital One Credit Card,2023-06-11,Starbucks,,Emergency Fund,-7.94
Capital One Credit Card,2023-06-11,Starbucks,,Emergency Fund,-2.86
Capital One Credit Card,2023-06-10,Starbucks,,Emergency Fund,-6.43
Capital One Credit Card,2023-06-10,Lowe's,,Home Maintenance,-18
Capital One Credit Card,2023-06-10,Petsmart,,Cat Litter,-22.25
Capital One Credit Card,2023-06-10,Swamp Rabbit Cafe & Grocery,,Coffee/Tea,-19.07
Capital One Credit Card,2023-06-10,Petsmart,,Groomer,-15.89
Capital One Credit Card,2023-06-10,Swamp Rabbit Cafe & Grocery,,Emergency Fund,-22.61
Capital One Credit Card,2023-06-10,Petsmart,,Emergency Fund,-52.98
Capital One Credit Card,2023-06-09,Starbucks,,Emergency Fund,-10
Capital One Credit Card,2023-06-09,QT,,Emergency Fund,-9.86
Capital One Credit Card,2023-06-09,Asia Pacific Supermarket,,Groceries,-14.96
Capital One Credit Card,2023-06-09,Lidl,,Groceries,-24.07
Capital One Credit Card,2023-06-09,Walmart,,Groceries,-23.45
GFCU Checking,2023-06-08,Capital One Credit Card,,,-1346.56
Capital One Credit Card,2023-06-08,GFCU Checking,,,1346.56
Chase Amazon,2023-06-08,,Reconciliation balance adjustment,Emergency Fund,12.07
Capital One Credit Card,2023-06-08,,Reconciliation balance adjustment,Emergency Fund,-7.94
Capital One Credit Card,2023-06-08,Starbucks,,Emergency Fund,-6.43
Capital One Credit Card,2023-06-08,Whole Foods,,Dates,-30.54
Capital One Credit Card,2023-06-08,FootHills Vet,,Emergency Fund,-301.15
Home Ugrade debt,2023-06-08,GFCU Checking,,,160
GFCU Checking,2023-06-08,Home Ugrade debt,,Home Upgrade,-160
GFCU Checking,2023-06-07,Home Depot Deposit,,Income,1096.15
Capital One Credit Card,2023-06-07,Starbucks,,Emergency Fund,-6.43
Capital One Credit Card,2023-06-06,Starbucks,,Emergency Fund,-6.43
Capital One Credit Card,2023-06-05,Starbucks,,Emergency Fund,-4.59
GFCU Checking,2023-06-05,Piedmont Natural Gas,,Piedmont Natural Gas,-27
Capital One Credit Card,2023-06-04,Starbucks,,Emergency Fund,-3.28
Capital One Credit Card,2023-06-04,2nd & Charles,,Books,-58.14
Capital One Credit Card,2023-06-04,Walmart,,Groomer,-7.39
Capital One Credit Card,2023-06-04,Walmart,,Pet Food,-21.13
Capital One Credit Card,2023-06-03,Cash Back Rewards,,Emergency Fund,10
Capital One Credit Card,2023-06-03,Odyssey Barber,,Haircut,-48
Capital One Credit Card,2023-06-03,Starbucks,,Emergency Fund,-10
Capital One Credit Card,2023-06-03,Publix,,Emergency Fund,-13.67
GFCU Checking,2023-06-02,Interest,,Income,0.09
Capital One Credit Card,2023-06-02,Starbucks,,Spending,-6.43
Capital One Credit Card,2023-06-02,QT,,Gas,-26.74
Capital One Credit Card,2023-06-02,Whole Foods,,Spending,-6.57
Capital One Credit Card,2023-06-02,Lidl,,Groceries,-29.75
GFCU Checking,2023-06-02,Duke Energy,,Duke Energy,-90.36
Capital One Credit Card,2023-06-02,Walmart,,Cleaning,-12.7
Capital One Credit Card,2023-06-02,Petsmart,,Treats,-14.72
Capital One Credit Card,2023-06-02,Petsmart,,Cat Litter,-22.25
Capital One Credit Card,2023-06-02,Walmart,,Groceries,-36
Capital One Credit Card,2023-06-01,Starbucks,,Spending,-7.94
Mortgage,2023-06-01,GFCU Checking,,,400
GFCU Checking,2023-06-01,Mortgage,,Mortgage,-400
Mortgage,2023-05-31,,Reconciliation balance adjustment,,-228.12
Home Ugrade debt,2023-05-31,,Reconciliation balance adjustment,,-25.87
401K,2023-05-31,,Reconciliation balance adjustment,,359.18
Chase Amazon,2023-05-31,Amazon,,WF1 Reno,-176.35
Chase Amazon,2023-05-31,Amazon,,WF1 Reno,-95.85
Capital One Credit Card,2023-05-31,Chewy,,Pet Food,-50.23
Capital One Credit Card,2023-05-31,Chewy,,Pet Food,-72.48
Capital One Credit Card,2023-05-31,Starbucks,,Emergency Fund,-7.94
Capital One Credit Card,2023-05-31,Starbucks,,Emergency Fund,-6.43
Chase Amazon,2023-05-31,Amazon,,Toiletries,-14.19
Chase Amazon,2023-05-31,Amazon,,WF1 Reno,-29.67
Capital One Credit Card,2023-05-30,Swamp Rabbit Cafe & Grocery,,Coffee/Tea,-16.99
Capital One Credit Card,2023-05-29,Valve,,Emergency Fund,-19.79
Capital One Credit Card,2023-05-29,Starbucks,,Emergency Fund,-6.43
Capital One Credit Card,2023-05-29,Starbucks,,Emergency Fund,-6.43
Capital One Credit Card,2023-05-29,Starbucks,,Emergency Fund,-7.94
Capital One Credit Card,2023-05-28,Starbucks,,Emergency Fund,-6.43
Capital One Credit Card,2023-05-28,Target,,WF4 Exercise,-23.31
Capital One Credit Card,2023-05-28,Trader Joe's,,Groceries,-7.98
Capital One Credit Card,2023-05-27,Tree House Cafe,,Dates,26.46
Capital One Credit Card,2023-05-27,Tree House Cafe,,Dates,-41.47
Capital One Credit Card,2023-05-27,Spectrum,,Internet,-39.99
Capital One Credit Card,2023-05-26,Starbucks,,Emergency Fund,-7.94
Capital One Credit Card,2023-05-26,Starbucks,,Emergency Fund,-6.43
Capital One Credit Card,2023-05-26,Whole Foods,,Emergency Fund,-6.27
Capital One Credit Card,2023-05-26,Lidl,,Groceries,-16.75
Capital One Credit Card,2023-05-26,Walmart,,Groceries,-19.76
Chase Amazon,2023-05-25,Amazon Refund,,Emergency Fund,7.94
Chase Amazon,2023-05-25,Amazon,,Spotify/Amazon,-73.14
GFCU Checking,2023-05-25,Chase Amazon,,,-863.34
Chase Amazon,2023-05-25,GFCU Checking,,,863.34
Capital One Credit Card,2023-05-25,Starbucks,,Emergency Fund,-6.43
Capital One Credit Card,2023-05-25,Whole Foods,,Emergency Fund,-10.29
GFCU Checking,2023-05-24,Argental,,Medical Debt,-10
GFCU Checking,2023-05-24,Home Depot Deposit,,Income,1005.34
Capital One Credit Card,2023-05-24,Starbucks,,Emergency Fund,-6.43
Capital One Credit Card,2023-05-24,QT,,Emergency Fund,-8.17
Capital One Credit Card,2023-05-23,Whole Foods,,Emergency Fund,-6.27
Capital One Credit Card,2023-05-22,Harris Teeter,,Emergency Fund,-24.67
Capital One Credit Card,2023-05-22,Walmart Refund,,Car Repairs,15.31
Capital One Credit Card,2023-05-22,Greenville Water,,Greenville Water,-48.98
GFCU Checking,2023-05-21,Spotify,,Spotify/Amazon,-10.59
Capital One Credit Card,2023-05-21,Starbucks,,Emergency Fund,-6.43
Capital One Credit Card,2023-05-21,Walmart,,WF4 Exercise,-12.24
Capital One Credit Card,2023-05-21,Walmart,,Groomer,-6.96
Capital One Credit Card,2023-05-21,Walmart,,Car Repairs,-2.8
Capital One Credit Card,2023-05-21,Walmart,,Spending,-11.49
Capital One Credit Card,2023-05-20,Smoothie King,,Emergency Fund,-9.78
Capital One Credit Card,2023-05-20,Minute Key,,Gifts,-4.24
Capital One Credit Card,2023-05-20,Starbucks,,Emergency Fund,-3.88
Capital One Credit Card,2023-05-20,QT,,Gas,-25.85
Capital One Credit Card,2023-05-20,QT,,Spending,-5.78
Capital One Credit Card,2023-05-20,New Balance,,Clothes,-148.39
Capital One Credit Card,2023-05-20,Walmart,,Car Repairs,-16.37
Capital One Credit Card,2023-05-20,Swamp Rabbit Cafe & Grocery,,Coffee/Tea,-14.24
Capital One Credit Card,2023-05-20,Lowe's,,Home Maintenance,-13.75
Capital One Credit Card,2023-05-20,Swamp Rabbit Cafe & Grocery,,Emergency Fund,-5.64
Capital One Credit Card,2023-05-20,Lowe's,,Cleaning,-6.34
Chase Amazon,2023-05-19,Amazon,,Emergency Fund,-34.04
Capital One Credit Card,2023-05-19,Lidl,,Groceries,-26.9
Capital One Credit Card,2023-05-19,Walmart,,Groceries,-41.08
Capital One Credit Card,2023-05-19,Whole Foods,,Groceries,-2.99
Capital One Credit Card,2023-05-19,Whole Foods,,Emergency Fund,-10.39
Capital One Credit Card,2023-05-18,QT,,Spending,-9.86
Capital One Credit Card,2023-05-17,QT,,Spending,-7.67
Chase Amazon,2023-05-15,Amazon,,Spotify/Amazon,-7.94
Capital One Credit Card,2023-05-14,Walmart,,Car Repairs,-30.61
Capital One Credit Card,2023-05-14,Walmart,,Emergency Fund,-33.26
Capital One Credit Card,2023-05-12,Target,,Spending,-5.78
Capital One Credit Card,2023-05-12,Target,,Spending,-5.49
Capital One Credit Card,2023-05-12,Lidl,,Groceries,-20.74
Capital One Credit Card,2023-05-12,Walmart,,Groceries,-11.05
Capital One Credit Card,2023-05-11,Cash Back Rewards,,Coffee,20
Capital One Credit Card,2023-05-11,Starbucks,,Coffee,-20
Capital One Credit Card,2023-05-11,Swamp Rabbit Cafe & Grocery,,Coffee/Tea,-22.78
GFCU Checking,2023-05-10,USAA Refund,,Spending,24.65
GFCU Checking,2023-05-10,Home Depot Deposit,,Income,1098.31
Capital One Credit Card,2023-05-10,QT,,Spending,-9.86
Capital One Credit Card,2023-05-10,QT,,Gas,-23.29
Capital One Credit Card,2023-05-09,Target,,Emergency Fund,-8.26
Capital One Credit Card,2023-05-09,Target,,Emergency Fund,-3.99
Chase Amazon,2023-05-09,,Reconciliation balance adjustment,Chase Amazon Credit Card,-311.98
Capital One Credit Card,2023-05-09,GFCU Checking,,,1116.63
GFCU Checking,2023-05-09,Capital One Credit Card,,,-1116.63
Capital One Credit Card,2023-05-08,Starbucks,,Emergency Fund,-11.99
GFCU Checking,2023-05-08,Venmo,,Gifts,-8
Home Ugrade debt,2023-05-08,GFCU Checking,,,160
GFCU Checking,2023-05-08,Home Ugrade debt,,Home Upgrade,-160
Capital One Credit Card,2023-05-07,Starbucks,,Emergency Fund,-8.43
Capital One Credit Card,2023-05-07,Petco,,Emergency Fund,-21.19
Capital One Credit Card,2023-05-07,Petco,,Emergency Fund,-49.79
Capital One Credit Card,2023-05-07,Harris Teeter,,Emergency Fund,-10.07
Capital One Credit Card,2023-05-06,Odyssey Barber,,Haircut,-48
Capital One Credit Card,2023-05-06,Starbucks,,Emergency Fund,-10
Capital One Credit Card,2023-05-06,QT,,Emergency Fund,-10.66
Capital One Credit Card,2023-05-05,QT,,Emergency Fund,-7.97
Capital One Credit Card,2023-05-05,QT,,Gas,-24.65
Capital One Credit Card,2023-05-05,Walmart,,Groceries,-9.85
Capital One Credit Card,2023-05-05,Lidl,,Groceries,-23.41
Capital One Credit Card,2023-05-04,Target,,Gifts,-6.64
Capital One Credit Card,2023-05-04,Target,,Gifts,-10.78
Capital One Credit Card,2023-05-03,Richards Comics,,Gifts,-28.58
Capital One Credit Card,2023-05-03,Chewy,,Treats,-100.66
Capital One Credit Card,2023-05-03,Borderlands,,Gifts,-56.15
GFCU Checking,2023-05-03,Piedmont Natural Gas,,Piedmont Natural Gas,-27
GFCU Checking,2023-05-03,Duke Energy,,Duke Energy,-67
Chase Amazon,2023-05-03,Amazon,,Home Maintenance,-38.15
Capital One Credit Card,2023-05-03,Target,,Toiletries,-5.82
Capital One Credit Card,2023-05-03,Whole Foods,,Coffee/Tea,-4.29
Capital One Credit Card,2023-05-03,Target,,WF3 Decor,-31.8
Capital One Credit Card,2023-05-03,Whole Foods,,Gifts,-13.05
Chase Amazon,2023-05-03,Amazon,,Gifts,-45.57
Mortgage,2023-05-01,GFCU Checking,,,400
GFCU Checking,2023-05-01,Mortgage,,Mortgage,-400
GFCU Checking,2023-04-30,Interest,,Income,0.1
Mortgage,2023-04-30,,Reconciliation balance adjustment,,-228.57
Home Ugrade debt,2023-04-30,,Reconciliation balance adjustment,,-25.68
401K,2023-04-30,,Reconciliation balance adjustment,,989.3
Capital One Credit Card,2023-04-30,,Reconciliation balance adjustment,Capital One Credit Card,-218.89
Capital One Credit Card,2023-04-30,Swamp Rabbit Cafe & Grocery,,Coffee/Tea,-14.99
Capital One Credit Card,2023-04-30,Swamp Rabbit Cafe & Grocery,,Capital One Credit Card,-5.94
Capital One Credit Card,2023-04-29,Starbucks,,Coffee,-30
Cash,2023-04-29,Momma,,Coffee,10
GFCU Checking,2023-04-29,Momma,,Coffee,20
Capital One Credit Card,2023-04-29,Walmart,,Groceries,-5.34
Capital One Credit Card,2023-04-29,Walmart,,Treats,-14.81
Capital One Credit Card,2023-04-29,Walmart,,Home Maintenance,-6.34
GFCU Checking,2023-04-28,Argental,,Medical Debt,-10
Capital One Credit Card,2023-04-28,Target,,Capital One Credit Card,-8.58
Capital One Credit Card,2023-04-28,Lidl,,Groceries,-26.57
Capital One Credit Card,2023-04-28,Walmart,,Coffee/Tea,-5.84
Capital One Credit Card,2023-04-28,Walmart,,Groceries,-4.15
Capital One Credit Card,2023-04-27,Spectrum,,Internet,-39.99
Chase Amazon,2023-04-26,GFCU Checking,,,486.64
GFCU Checking,2023-04-26,Chase Amazon,,,-486.64
GFCU Checking,2023-04-26,Home Depot Deposit,,Income,1099.08
Capital One Credit Card,2023-04-25,Chewy,,Pet Food,-72.48
GFCU Checking,2023-04-24,Venmo,,Emergency Fund,-32
Chase Amazon,2023-04-23,Amazon Refund,,Emergency Fund,50.56
Capital One Credit Card,2023-04-23,Harris Teeter,,Groceries,-5.79
GFCU Checking,2023-04-21,Spotify,,Spotify/Amazon,-10.59
Capital One Credit Card,2023-04-21,Lidl,,Groceries,-11.95
Capital One Credit Card,2023-04-21,Walmart,,Groceries,-28.37
Capital One Credit Card,2023-04-21,Greenville Water,,Greenville Water,-52.11
Capital One Credit Card,2023-04-21,Petsmart,,Cat Litter,-21.14
Capital One Credit Card,2023-04-21,Whole Foods,,Groceries,-2.99
Capital One Credit Card,2023-04-21,Whole Foods,,Capital One Credit Card,-7.55
Capital One Credit Card,2023-04-21,Petsmart,,Capital One Credit Card,-29.17
Capital One Credit Card,2023-04-20,Barnes & Noble,,Books,-10.59
Capital One Credit Card,2023-04-19,Walmart,,Toiletries,-10.56
GFCU Checking,2023-04-17,Momma,,Chase Amazon Credit Card,160
Capital One Credit Card,2023-04-14,Walmart,,Groceries,-47.07
Capital One Credit Card,2023-04-14,Lidl,,Groceries,-27.4
Capital One Credit Card,2023-04-14,Swamp Rabbit Cafe & Grocery,,Coffee/Tea,-16.99
Capital One Credit Card,2023-04-14,Swamp Rabbit Cafe & Grocery,,Spending,-5.94
Chase Amazon,2023-04-13,Amazon,,Emergency Fund,-306.34
Capital One Credit Card,2023-04-12,Starbucks,,Coffee,-10
Capital One Credit Card,2023-04-10,QT,,Gas,-34.99
Capital One Credit Card,2023-04-10,QT,,Spending,-4.88
Capital One Credit Card,2023-04-10,Starbucks,,Coffee,-11.23
GFCU Checking,2023-04-08,Home Depot Deposit,,Income,1073.84
GFCU Checking,2023-04-08,Momma,,Coffee,20
Chase Amazon,2023-04-08,Amazon Refund,,Clothes,155.89
Chase Amazon,2023-04-08,Amazon Refund,,Clothes,50.56
Capital One Credit Card,2023-04-08,CBD Farmacy,,Toiletries,-36
GFCU Checking,2023-04-08,Capital One Credit Card,,,-2217.44
Capital One Credit Card,2023-04-08,GFCU Checking,,,2217.44
Capital One Credit Card,2023-04-08,Odyssey Barber,,Haircut,-48
Capital One Credit Card,2023-04-08,The Coffee Mill,,Coffee,-7.3
Capital One Credit Card,2023-04-08,Smoothie King,,Spending,-9.78
Capital One Credit Card,2023-04-08,QT,,Spending,-15.8
Capital One Credit Card,2023-04-08,Starbucks,,Coffee,-20
Home Ugrade debt,2023-04-08,GFCU Checking,,,160
GFCU Checking,2023-04-08,Home Ugrade debt,,Home Upgrade,-160
Capital One Credit Card,2023-04-07,Starbucks,,Coffee,-10
Capital One Credit Card,2023-04-07,Lidl,,Groceries,-22.37
Capital One Credit Card,2023-04-07,Walmart,,Groceries,-20.04
Chase Amazon,2023-04-06,Amazon,,Toiletries,-38.54
Chase Amazon,2023-04-06,Amazon,,Toiletries,-32.85
Chase Amazon,2023-04-06,Amazon,,Emergency Fund,-25.68
Capital One Credit Card,2023-04-05,Swamp Rabbit Cafe & Grocery,,Coffee/Tea,-16.99
Capital One Credit Card,2023-04-05,Swamp Rabbit Cafe & Grocery,,Spending,-4.79
Capital One Credit Card,2023-04-04,Chewy,,Flea/Tick,-70.68
Capital One Credit Card,2023-04-03,Target,,Spending,-6.86
Capital One Credit Card,2023-04-03,Target,,Spending,-3.99
GFCU Checking,2023-04-03,Piedmont Natural Gas,,Piedmont Natural Gas,-27
GFCU Checking,2023-04-03,Duke Energy,,Duke Energy,-67
Chase Amazon,2023-04-02,Amazon,,Clothes,-155.89
Capital One Credit Card,2023-04-02,Walmart,,Groceries,-7.68
GFCU Savings,2023-04-01,Interest,,Income,0.25
GFCU Checking,2023-04-01,Interest,,Income,0.13
GFCU Checking,2023-04-01,Momma,,Coffee,20
Capital One Credit Card,2023-04-01,Starbucks,,Coffee,-20
Mortgage,2023-04-01,GFCU Checking,,,400
GFCU Checking,2023-04-01,Mortgage,,Mortgage,-400
Capital One Credit Card,2023-04-01,Walmart,,Cleaning,-4.89
Capital One Credit Card,2023-04-01,Walmart,,Toiletries,-19.31
Capital One Credit Card,2023-04-01,Walmart,,Groceries,-9.54
Mortgage,2023-03-31,,Reconciliation balance adjustment,,-229.01
Home Ugrade debt,2023-03-31,,Reconciliation balance adjustment,,-28.11
401K,2023-03-31,,Reconciliation balance adjustment,,44.26
Capital One Credit Card,2023-03-31,Lowe's,,Home Maintenance,-7.91
Capital One Credit Card,2023-03-31,Lidl,,Groceries,-25.89
Capital One Credit Card,2023-03-31,Walmart,,Groceries,-27.27
GFCU Checking,2023-03-30,Home Depot Deposit,,Income,1109.65
Capital One Credit Card,2023-03-30,QT,,WF1 Reno,-7.97
Capital One Credit Card,2023-03-30,QT,,Gas,-22.56
Capital One Credit Card,2023-03-28,Target,,Emergency Fund,-6.64
Capital One Credit Card,2023-03-28,Target,,Emergency Fund,-21.48
GFCU Checking,2023-03-28,Argental,,Medical Debt,-10
Chase Amazon,2023-03-27,Amazon,,Clothes,-151.68
Capital One Credit Card,2023-03-27,Spectrum,,Internet,-39.99
Capital One Credit Card,2023-03-26,Chewy,,Flea/Tick,-100.64
Capital One Credit Card,2023-03-26,Petsmart,,Groomer,-64
Capital One Credit Card,2023-03-25,Walmart,,Groceries,-16.36
Capital One Credit Card,2023-03-25,Swamp Rabbit Cafe & Grocery,,Coffee/Tea,-24.92
Capital One Credit Card,2023-03-25,SC Park Service,,Dates,-12
GFCU Checking,2023-03-24,Chase Amazon,,,-463.13
Chase Amazon,2023-03-24,GFCU Checking,,,463.13
Capital One Credit Card,2023-03-24,Lidl,,Groceries,-22.55
Capital One Credit Card,2023-03-24,Whole Foods,,Groceries,-12.76
Capital One Credit Card,2023-03-24,Walmart,,Groceries,-13.69
Capital One Credit Card,2023-03-23,Greenville Water,,Greenville Water,-51.07
Capital One Credit Card,2023-03-23,Chewy,,Pet Food,-72.48
Capital One Credit Card,2023-03-23,Starbucks,,Coffee,-20
Capital One Credit Card,2023-03-23,QT,,Gas,-22.75
Capital One Credit Card,2023-03-23,QT,,Dates,-6.77
GFCU Checking,2023-03-22,Home Depot Deposit,,Income,64.09
Capital One Credit Card,2023-03-22,Target,,Emergency Fund,-5.49
Capital One Credit Card,2023-03-22,Target,,Emergency Fund,-3.08
Capital One Credit Card,2023-03-22,Cash Back Rewards,,Coffee,20
Capital One Credit Card,2023-03-22,Starbucks,,Dates,-9.01
Capital One Credit Card,2023-03-22,Barnes & Noble,,Books,-21.18
GFCU Checking,2023-03-21,Spotify,,Spotify/Amazon,-10.59
Capital One Credit Card,2023-03-19,Ingles,,Groceries,-15.26
Capital One Credit Card,2023-03-18,Starbucks,,Coffee,-20
Capital One Credit Card,2023-03-18,Publix,,Groceries,-15.48
Capital One Credit Card,2023-03-18,Otto Izakaya,,Gifts,-29.94
Capital One Credit Card,2023-03-17,Starbucks,,Coffee,-15
Capital One Credit Card,2023-03-17,Lidl,,Groceries,-21.5
Capital One Credit Card,2023-03-17,Walmart,,Coffee/Tea,-2.92
Capital One Credit Card,2023-03-17,Walmart,,Groceries,-14.13
Capital One Credit Card,2023-03-16,Fellow,,Coffee/Tea,-8.48
Capital One Credit Card,2023-03-16,Target,,Spending,-6.86
Capital One Credit Card,2023-03-16,Target,,Spending,-5.49
GFCU Checking,2023-03-15,Momma,,Coffee,20
GFCU Checking,2023-03-15,Home Depot Deposit,,Income,1089.8
Chase Amazon,2023-03-15,Amazon,,Spending,-7.94
Capital One Credit Card,2023-03-15,Starbucks,,Coffee,-6.86
Capital One Credit Card,2023-03-15,QT,,Gas,-23.48
Capital One Credit Card,2023-03-15,QT,,Spending,-4.68
GFCU Checking,2023-03-14,Julianna,,Spent for Others,20
Capital One Credit Card,2023-03-14,Starbucks,,Spent for Others,-11.12
Capital One Credit Card,2023-03-14,The Home Depot,,Spent for Others,-8.45
Capital One Credit Card,2023-03-13,Target,,WF5 Computer,-18.01
Capital One Credit Card,2023-03-13,Target,,Groceries,-11.58
Capital One Credit Card,2023-03-12,Starbucks,,Emergency Fund,-6.86
Capital One Credit Card,2023-03-12,Swamp Rabbit Cafe & Grocery,,Coffee/Tea,-16.14
Capital One Credit Card,2023-03-12,Swamp Rabbit Cafe & Grocery,,Gifts,-6.67
Chase Amazon,2023-03-11,Amazon Refund,,Spent for Others,23.87
Chase Amazon,2023-03-11,Amazon Refund,,WF5 Computer,7.41
Capital One Credit Card,2023-03-11,QT,,Emergency Fund,-7.97
Capital One Credit Card,2023-03-11,Odyssey Barber,,Haircut,-48
Capital One Credit Card,2023-03-11,Starbucks,,Emergency Fund,-6.86
Capital One Credit Card,2023-03-11,The Home Depot,,Emergency Fund,-29.92
Capital One Credit Card,2023-03-11,Royal Coffee Bar,,Emergency Fund,-4.75
Capital One Credit Card,2023-03-11,TJ Maxx,,WF4 Exercise,-8.47
Capital One Credit Card,2023-03-11,TJ Maxx,,Emergency Fund,-10.59
Chase Amazon,2023-03-10,Amazon,,WF3 Decor,39.16
Capital One Credit Card,2023-03-10,Starbucks,,Emergency Fund,-6.86
Capital One Credit Card,2023-03-10,Lidl,,Groceries,-26.64
Capital One Credit Card,2023-03-10,Walmart,,Home Maintenance,-2.2
Capital One Credit Card,2023-03-10,Walmart,,Groceries,-19.25
GFCU Checking,2023-03-09,Venmo,,Spent for Others,-32
GFCU Checking,2023-03-09,Julianna,,Gifts,15
Chase Amazon,2023-03-09,Amazon,,WF5 Computer,-9.53
Chase Amazon,2023-03-09,Amazon,,WF5 Computer,-149.9
Capital One Credit Card,2023-03-09,Harris Teeter,,Gifts,-17.01
Capital One Credit Card,2023-03-09,Target,,Emergency Fund,-6.86
Capital One Credit Card,2023-03-09,Target,,Spending,-3.99
Chase Amazon,2023-03-09,Amazon,,WF3 Decor,-16.95
Chase Amazon,2023-03-09,Amazon,,Spending,-16.95
Chase Amazon,2023-03-08,Amazon,,Spent for Others,-23.87
Chase Amazon,2023-03-08,Amazon,,WF5 Computer,-1.05
Capital One Credit Card,2023-03-08,CBD Farmacy,,Emergency Fund,-100.58
Capital One Credit Card,2023-03-08,Starbucks,,Emergency Fund,-6.86
Capital One Credit Card,2023-03-08,The Herbal Farmercy,,Emergency Fund,-13.48
Capital One Credit Card,2023-03-08,Walmart,,WF5 Computer,-19.54
GFCU Checking,2023-03-08,Capital One Credit Card,,,-1538.68
Capital One Credit Card,2023-03-08,GFCU Checking,,,1538.68
Home Ugrade debt,2023-03-08,GFCU Checking,,,160
GFCU Checking,2023-03-08,Home Ugrade debt,,Home Upgrade,-160
Capital One Credit Card,2023-03-07,Starbucks,,Emergency Fund,-6.86
Cash,2023-03-07,furniture,,WF3 Decor,-500
Capital One Credit Card,2023-03-06,FedEx,,Emergency Fund,-29.72
Capital One Credit Card,2023-03-06,Uplift Desk Refund,,WF5 Computer,116.6
Capital One Credit Card,2023-03-06,Starbucks,,Emergency Fund,-6.64
Capital One Credit Card,2023-03-06,QT,,Emergency Fund,-4.68
Capital One Credit Card,2023-03-06,QT,,Gas,-28.47
Cash,2023-03-06,Sell Stuff,,WF3 Decor,200
GFCU Checking,2023-03-06,Duke Energy,,Duke Energy,-67
Capital One Credit Card,2023-03-05,Starbucks,,Emergency Fund,-6.1
Capital One Credit Card,2023-03-05,Starbucks,,Emergency Fund,-10.91
Capital One Credit Card,2023-03-05,The Home Depot,,Emergency Fund,-20.8
Capital One Credit Card,2023-03-04,Whole Foods,,Groceries,-7.07
Capital One Credit Card,2023-03-04,Starbucks,,Emergency Fund,-6.64
Capital One Credit Card,2023-03-04,Starbucks,,Emergency Fund,-6.64
Cash,2023-03-04,Sell Stuff,,WF5 Computer,40
Chase Amazon,2023-03-04,Amazon Refund,,WF5 Computer,21.92
Capital One Credit Card,2023-03-04,Cash Back Rewards,,Coffee,20
Capital One Credit Card,2023-03-04,The Home Depot,,Emergency Fund,-35.34
Capital One Credit Card,2023-03-04,Swamp Rabbit Cafe & Grocery,,Coffee/Tea,-17.99
Capital One Credit Card,2023-03-04,Swamp Rabbit Cafe & Grocery,,Emergency Fund,-12.23
Capital One Credit Card,2023-03-03,Starbucks,,Emergency Fund,-5.81
Capital One Credit Card,2023-03-03,Walmart,,Groceries,-31.09
Capital One Credit Card,2023-03-03,Target,,Emergency Fund,-6.48
Capital One Credit Card,2023-03-03,Lidl,,Groceries,-19.55
Chase Amazon,2023-03-02,Amazon,,WF5 Computer,-52.99
Chase Amazon,2023-03-02,Amazon,,WF5 Computer,-100.69
Chase Amazon,2023-03-02,Amazon,,WF5 Computer,-43.48
Chase Amazon,2023-03-02,Amazon,,WF5 Computer,-30.26
Chase Amazon,2023-03-02,Amazon,,WF5 Computer,-21.92
Capital One Credit Card,2023-03-02,Uplift Desk,,WF5 Computer,-116.6
Capital One Credit Card,2023-03-02,Starbucks,,Coffee,-20
GFCU Checking,2023-03-02,Home Depot Deposit,,Income,1096.7
Capital One Credit Card,2023-03-02,Petsmart,,Cat Litter,-22.25
Capital One Credit Card,2023-03-02,Petsmart,,Treats,-14.82
GFCU Savings,2023-03-01,GFCU Checking,,,2500
GFCU Checking,2023-03-01,GFCU Savings,,,-2500
Chase Amazon,2023-03-01,Amazon,,WF5 Computer,-63.59
Capital One Credit Card,2023-03-01,Starbucks,,Emergency Fund,-6.64
Mortgage,2023-03-01,GFCU Checking,,,400
GFCU Checking,2023-03-01,Mortgage,,Mortgage,-400
GFCU Checking,2023-02-28,Interest,,Income,0.22
GFCU Checking,2023-02-28,Argental,,Medical Debt,-10
GFCU Checking,2023-02-28,Jill,,Spent for Others,5
GFCU Checking,2023-02-28,Jill,,Spent for Others,27
Chase Amazon,2023-02-28,Amazon,,Emergency Fund,-10.59
Capital One Credit Card,2023-02-28,Valve,,Emergency Fund,-64.98
Capital One Credit Card,2023-02-28,Spectrum,,Internet,-39.99
Capital One Credit Card,2023-02-28,Starbucks,,Emergency Fund,-6.64
Capital One Credit Card,2023-02-28,Target,,Emergency Fund,-23.5
Chase Amazon,2023-02-28,Amazon,,Emergency Fund,-6.24
Chase Amazon,2023-02-28,Amazon,,WF4 Exercise,-36.02
GFCU Checking,2023-02-27,Jen,,Gifts,-55
Capital One Credit Card,2023-02-27,Starbucks,,Emergency Fund,-6.64
Capital One Credit Card,2023-02-27,Target,,Emergency Fund,-86.64
Capital One Credit Card,2023-02-26,Walmart,,Groceries,-8.26
Mortgage,2023-02-26,,Reconciliation balance adjustment,,-865.79
Home Ugrade debt,2023-02-26,,Reconciliation balance adjustment,,-25.29
401K,2023-02-26,,Reconciliation balance adjustment,,-259.86
GFCU Checking,2023-02-26,Julianna,,Emergency Fund,15
Capital One Credit Card,2023-02-26,QT,,Emergency Fund,-5.57
Capital One Credit Card,2023-02-26,Starbucks,,Emergency Fund,-9.29
Capital One Credit Card,2023-02-26,Starbucks,,Emergency Fund,-6.64
Capital One Credit Card,2023-02-25,Methodical,,Emergency Fund,-17.92
Capital One Credit Card,2023-02-25,Starbucks,,Emergency Fund,-6.64
GFCU Checking,2023-02-24,Chase Amazon,,,-76.12
Chase Amazon,2023-02-24,GFCU Checking,,,76.12
GFCU Checking,2023-02-24,Julianna,,Emergency Fund,10
Capital One Credit Card,2023-02-24,Chewy,,Treats,-118.09
Capital One Credit Card,2023-02-24,Lidl,,Groceries,-22.38
Capital One Credit Card,2023-02-24,Starbucks,,Emergency Fund,-11.45
Capital One Credit Card,2023-02-24,Walmart,,Coffee/Tea,-2.92
Capital One Credit Card,2023-02-24,Walmart,,Groceries,-25.54
Capital One Credit Card,2023-02-23,Starbucks,,Emergency Fund,-6.64
Capital One Credit Card,2023-02-23,Chewy,,Emergency Fund,-66.04
Capital One Credit Card,2023-02-23,QT,,Gas,-23.19
Capital One Credit Card,2023-02-23,Target,,Emergency Fund,-5.49
Capital One Credit Card,2023-02-22,Barnes & Noble,,Emergency Fund,-12.64
GFCU Checking,2023-02-22,Greenville County,,Car Taxes,-255.52
Capital One Credit Card,2023-02-22,Greenville Water,,Greenville Water,-55.22
Capital One Credit Card,2023-02-22,Target,,Emergency Fund,-5.49
Capital One Credit Card,2023-02-22,The Home Depot,,Home Maintenance,-13.74
Capital One Credit Card,2023-02-22,Target,,Toiletries,-5.82
Capital One Credit Card,2023-02-22,The Home Depot,,Spent for Others,-9.51
GFCU Checking,2023-02-21,Julianna,,Spent for Others,10
Capital One Credit Card,2023-02-20,Starbucks,,Emergency Fund,-6.64
Chase Amazon,2023-02-20,Amazon,,WF3 Decor,-39.16
Chase Amazon,2023-02-20,Amazon,,WF3 Decor,-91.1
Capital One Credit Card,2023-02-20,Chewy,,Flea/Tick,-136.88
Capital One Credit Card,2023-02-20,Target,,Spending,-3.99
Capital One Credit Card,2023-02-20,Walmart Refund,,WF4 Exercise,104.94
Capital One Credit Card,2023-02-20,Starbucks,,Emergency Fund,-6.64
Capital One Credit Card,2023-02-19,Walmart,,WF4 Exercise,-181.2
Capital One Credit Card,2023-02-19,Starbucks,,Emergency Fund,-6.1
Capital One Credit Card,2023-02-19,Starbucks,,Emergency Fund,-6.64
Capital One Credit Card,2023-02-18,QT,,Spending,-6.27
Capital One Credit Card,2023-02-18,Starbucks,,Emergency Fund,-6.64
Capital One Credit Card,2023-02-18,Courtyard Parking,,Emergency Fund,-30
Capital One Credit Card,2023-02-18,Asia Pacific Supermarket,,Groceries,-12.36
Capital One Credit Card,2023-02-18,Shoe Carnival,,Emergency Fund,-47.68
Capital One Credit Card,2023-02-18,Home Depot Refund,,Emergency Fund,11.1
Capital One Credit Card,2023-02-18,The Home Depot,,Emergency Fund,-66.9
Capital One Credit Card,2023-02-18,The Home Depot,,Home Maintenance,-36.82
Capital One Credit Card,2023-02-17,The Home Depot,,Emergency Fund,-8.98
Capital One Credit Card,2023-02-17,Starbucks,,Emergency Fund,-6.64
Capital One Credit Card,2023-02-17,Target,,Emergency Fund,-3.99
Capital One Credit Card,2023-02-17,Lidl,,Groceries,-29.14
Capital One Credit Card,2023-02-17,Walmart,,Coffee/Tea,-3.12
Cash,2023-02-17,Jill,,Cleaning,-4.25
Capital One Credit Card,2023-02-17,Walmart,,Groceries,-8.51
Cash,2023-02-17,Jill,,Spent for Others,-5
GFCU Checking,2023-02-16,Julianna,,Emergency Fund,10
GFCU Checking,2023-02-16,Home Depot Deposit,,Income,1061.95
Capital One Credit Card,2023-02-16,Starbucks,,Emergency Fund,-12.42
Capital One Credit Card,2023-02-16,Harris Teeter,,Emergency Fund,-12.98
GFCU Checking,2023-02-15,Julianna,,Spent for Others,5
Capital One Credit Card,2023-02-15,Starbucks,,Emergency Fund,-6.64
Capital One Credit Card,2023-02-14,QT,,Gas,-29.25
Capital One Credit Card,2023-02-14,Starbucks,,Emergency Fund,-6.64
GFCU Checking,2023-02-13,Piedmont Natural Gas Refund,,Income,124.78
Chase Amazon,2023-02-13,Amazon Refund,,Emergency Fund,29.79
Chase Amazon,2023-02-13,Amazon Refund,,Emergency Fund,34.95
Capital One Credit Card,2023-02-13,Starbucks,,Emergency Fund,-6.64
Capital One Credit Card,2023-02-13,Target,,Gifts,-4.23
Capital One Credit Card,2023-02-13,Target,,Emergency Fund,-5.49
Capital One Credit Card,2023-02-12,Starbucks,,Emergency Fund,-6.64
Capital One Credit Card,2023-02-12,Starbucks,,Emergency Fund,-6.64
Capital One Credit Card,2023-02-12,Walmart,,Groceries,-46.58
Capital One Credit Card,2023-02-12,The Home Depot,,Emergency Fund,-5.59
Capital One Credit Card,2023-02-12,Swamp Rabbit Cafe & Grocery,,Coffee/Tea,-14.24
Capital One Credit Card,2023-02-12,Swamp Rabbit Cafe & Grocery,,Emergency Fund,-3.79
Capital One Credit Card,2023-02-11,Odyssey Barber,,Haircut,-48
Capital One Credit Card,2023-02-11,Starbucks,,Coffee,-6.64
GFCU Checking,2023-02-11,Momma,,Income,20
Cash,2023-02-11,Cash Income,,Income,500
Capital One Credit Card,2023-02-10,Starbucks,,Spending,-6.64
Capital One Credit Card,2023-02-10,Lidl,,Groceries,-18.87
Capital One Credit Card,2023-02-10,Walmart,,Groceries,-19.81
Chase Amazon,2023-02-10,Amazon,,Emergency Fund,-64.73
Chase Amazon,2023-02-10,Amazon,,Groceries,-19.01
Chase Amazon,2023-02-10,Amazon,,Filters,-25.43
Chase Amazon,2023-02-10,Amazon,,Toiletries,-14.04
GFCU Checking,2023-02-08,Capital One Credit Card,,,-1275.39
Capital One Credit Card,2023-02-08,GFCU Checking,,,1275.39
Capital One Credit Card,2023-02-08,Moft Refund,,Emergency Fund,104.98
Chase Amazon,2023-02-08,Amazon Refund,,Emergency Fund,36.03
Capital One Credit Card,2023-02-08,Best Buy,,Emergency Fund,-84.79
Capital One Credit Card,2023-02-08,Swamp Rabbit Cafe & Grocery,,Emergency Fund,-13.23
Capital One Credit Card,2023-02-08,Starbucks,,Emergency Fund,-6.64
Capital One Credit Card,2023-02-08,Best Buy,,Emergency Fund,-26.49
Capital One Credit Card,2023-02-08,Target,,WF3 Decor,-95.4
Home Ugrade debt,2023-02-08,GFCU Checking,,,160
GFCU Checking,2023-02-08,Home Ugrade debt,,Home Upgrade,-160
Chase Amazon,2023-02-05,Amazon,,Emergency Fund,-36.03
Capital One Credit Card,2023-02-05,Cash Back Rewards,,Coffee,13.45
Capital One Credit Card,2023-02-05,Starbucks,,Coffee,-13.45
Capital One Credit Card,2023-02-05,The Home Depot,,Emergency Fund,-17.98
Chase Amazon,2023-02-05,Amazon,,Emergency Fund,-65.83
Chase Amazon,2023-02-05,Amazon,,Cleaning,-33.76
Capital One Credit Card,2023-02-04,Swamp Rabbit Cafe & Grocery,,Coffee/Tea,-21.78
Capital One Credit Card,2023-02-04,Mr. K's,,Books,-17.49
Capital One Credit Card,2023-02-04,Mr. K's,,Music,-8.43
Capital One Credit Card,2023-02-03,Lidl,,Groceries,-23.44
GFCU Checking,2023-02-03,Piedmont Natural Gas,,Piedmont Natural Gas,-50
Capital One Credit Card,2023-02-03,Walmart,,Coffee/Tea,-2.92
Capital One Credit Card,2023-02-03,Walmart,,Groceries,-10.24
Capital One Credit Card,2023-02-02,QT,,Gas,-31.16
Capital One Credit Card,2023-02-02,QT,,Emergency Fund,-4.68
Capital One Credit Card,2023-02-02,Etsy,,Gifts,-24.34
Capital One Credit Card,2023-02-02,Amazon,,Emergency Fund,-7.94
Chase Amazon,2023-02-02,Amazon,,Emergency Fund,-12.71
Chase Amazon,2023-02-02,Amazon,,Emergency Fund,-153.69
GFCU Checking,2023-02-02,Home Depot Deposit,,Income,2085.08
GFCU Checking,2023-02-02,Interest,,Income,0.11
GFCU Checking,2023-02-02,Duke Energy,,Duke Energy,-67
Capital One Credit Card,2023-02-01,Five Below,,Spending,-4.5
Mortgage,2023-02-01,GFCU Checking,,,400
GFCU Checking,2023-02-01,Mortgage,,Mortgage,-400
Capital One Credit Card,2023-02-01,USAA,,Car Insurance,-283.79
Home Ugrade debt,2023-01-31,,Reconciliation balance adjustment,,-27.68
401K,2023-01-31,,Reconciliation balance adjustment,,2239.7
GFCU Checking,2023-01-31,SC Treasury,,Income,324
Capital One Credit Card,2023-01-31,Methodical,,Coffee,-7.04
Capital One Credit Card,2023-01-30,Target,,Emergency Fund,-3.99
Capital One Credit Card,2023-01-30,Apple,,Emergency Fund,-8.99
Capital One Credit Card,2023-01-29,Fellow,,Emergency Fund,-68.9
Capital One Credit Card,2023-01-29,Starbucks,,Emergency Fund,-6.64
Capital One Credit Card,2023-01-28,Starbucks,,Emergency Fund,-6.64
Capital One Credit Card,2023-01-28,Spectrum refund,,Internet,2.5
Capital One Credit Card,2023-01-28,Moft,,Emergency Fund,-104.98
Capital One Credit Card,2023-01-28,Walmart,,WF4 Exercise,-44.28
GFCU Checking,2023-01-27,Argental,,Medical Debt,-10
Capital One Credit Card,2023-01-27,Starbucks,,Emergency Fund,-6.1
Capital One Credit Card,2023-01-27,Chewy,,Pet Food,-52.55
Capital One Credit Card,2023-01-27,Spectrum,,Internet,-39.99
Capital One Credit Card,2023-01-27,Walmart,,Groceries,-12.38
Capital One Credit Card,2023-01-27,Lidl,,Groceries,-27.22
Capital One Credit Card,2023-01-27,QT,,Emergency Fund,-6.57
Capital One Credit Card,2023-01-27,Whole Foods,,Groceries,-2.99
Capital One Credit Card,2023-01-27,Whole Foods,,Emergency Fund,-6.38
GFCU Checking,2023-01-25,IRS Refund,,Income,1305
GFCU Checking,2023-01-25,Julianna,,Coffee,10
Capital One Credit Card,2023-01-25,Starbucks,,Coffee,-12.2
Capital One Credit Card,2023-01-24,Starbucks,,Coffee,-6.1
Capital One Credit Card,2023-01-24,Swamp Rabbit Cafe & Grocery,,Coffee/Tea,-17.99
Capital One Credit Card,2023-01-24,Swamp Rabbit Cafe & Grocery,,Groceries,-4.79
GFCU Checking,2023-01-23,Check Deposit,,Home Insurance,541.15
Capital One Credit Card,2023-01-23,Cash Back Rewards,,Coffee/Tea,8.85
Capital One Credit Card,2023-01-23,Starbucks,,Coffee,-6.64
Capital One Credit Card,2023-01-22,Starbucks,,Coffee,-12.42
Capital One Credit Card,2023-01-22,QT,,Gas,-32.52
Capital One Credit Card,2023-01-22,Chewy,,Pet Food,-66.44
Capital One Credit Card,2023-01-22,Petsmart,,Groomer,-61.5
Capital One Credit Card,2023-01-21,Starbucks,,Coffee,-6.64
Capital One Credit Card,2023-01-21,Petsmart,,Treats,-10.59
Capital One Credit Card,2023-01-21,Ingles,,Groceries,-12.46
Capital One Credit Card,2023-01-20,Asia Pacific Supermarket,,Groceries,-14.24
Capital One Credit Card,2023-01-20,Lidl,,Groceries,-31.39
Capital One Credit Card,2023-01-20,Walmart,,Groceries,-23.04
Capital One Credit Card,2023-01-20,Starbucks,,Coffee,-12.74
GFCU Checking,2023-01-20,Julianna,,Coffee,10
Capital One Credit Card,2023-01-20,Greenville Water,,Greenville Water,-52.18
GFCU Checking,2023-01-19,Home Depot Deposit,,Income,1030.69
Capital One Credit Card,2023-01-19,,Reconciliation balance adjustment,Emergency Fund,-15.09
Capital One Credit Card,2023-01-19,Petsmart,,Treats,-27.01
Capital One Credit Card,2023-01-19,Starbucks,,Coffee,-6.64
Chase Amazon,2023-01-19,Amazon,,Toiletries,-30.73
Chase Amazon,2023-01-19,Amazon,,Treats,-10.05
Chase Amazon,2023-01-19,Amazon,,Toiletries,-58.73
Chase Amazon,2023-01-19,Amazon,,Treats,-2.19
Capital One Credit Card,2023-01-17,Target,,Groceries,-7.18
Capital One Credit Card,2023-01-15,Starbucks,,Coffee,-5.83
Capital One Credit Card,2023-01-15,Swamp Rabbit Cafe & Grocery,,Coffee/Tea,-17.99
Capital One Credit Card,2023-01-15,Swamp Rabbit Cafe & Grocery,,Groceries,-14.48
Capital One Credit Card,2023-01-14,Odyssey Barber,,Haircut,-48
GFCU Savings,2023-01-14,,Reconciliation balance adjustment,Income,0.09
Capital One Credit Card,2023-01-13,Starbucks,,Coffee,-6.64
Capital One Credit Card,2023-01-13,Lidl,,Groceries,-23.03
Capital One Credit Card,2023-01-13,Target,,Spending,-16.17
Capital One Credit Card,2023-01-13,Walmart,,Toiletries,-4.75
Capital One Credit Card,2023-01-13,Walmart,,Coffee/Tea,-3.48
Capital One Credit Card,2023-01-13,Walmart,,Groceries,-10.05
Capital One Credit Card,2023-01-11,2nd & Charles,,Books,-16.9
Capital One Credit Card,2023-01-09,QT,,Spending,-6.62
Capital One Credit Card,2023-01-09,QT,,Gas,-26.52
Capital One Credit Card,2023-01-09,Starbucks,,Coffee,-6.64
Capital One Credit Card,2023-01-09,Chewy,,Flea/Tick,-60.58
GFCU Checking,2023-01-08,Capital One Credit Card,,,-1643.48
Capital One Credit Card,2023-01-08,GFCU Checking,,,1643.48
Capital One Credit Card,2023-01-08,Starbucks,,Coffee,-6.64
Capital One Credit Card,2023-01-08,Swamp Rabbit Cafe & Grocery,,Coffee/Tea,-14.99
Home Ugrade debt,2023-01-08,GFCU Checking,,,160
GFCU Checking,2023-01-08,Home Ugrade debt,,Home Upgrade,-160
Capital One Credit Card,2023-01-07,Jersey Bagel Brothers,,Dates,-10.18
Capital One Credit Card,2023-01-06,Lidl,,Groceries,-12.78
Capital One Credit Card,2023-01-06,Walmart,,Coffee/Tea,-3.48
Capital One Credit Card,2023-01-06,Walmart,,Groceries,-16.77
Capital One Credit Card,2023-01-05,Waves Car Wash,,Car Repairs,-9
Capital One Credit Card,2023-01-05,QT,,Gas,-24.64
Capital One Credit Card,2023-01-05,QT,,Gas,-4.68
GFCU Checking,2023-01-04,Home Depot Deposit,,Income,1021.8
Capital One Credit Card,2023-01-04,Cash Back Rewards,,Spending,14.83
Capital One Credit Card,2023-01-04,Starbucks,,Spending,-6.86
Capital One Credit Card,2023-01-03,Target,,Spending,-4.37
Capital One Credit Card,2023-01-03,Target,,Groceries,-3.59
GFCU Checking,2023-01-03,Piedmont Natural Gas,,Piedmont Natural Gas,-50
Capital One Credit Card,2023-01-02,Methodical,,Spending,-27.52
GFCU Checking,2023-01-02,Duke Energy,,Duke Energy,-67
Mortgage,2023-01-01,GFCU Checking,,,397.53
GFCU Checking,2023-01-01,Mortgage,,Mortgage,-397.53
GFCU Checking,2022-12-31,Julianna,,Spending,20
GFCU Checking,2022-12-31,Interest,,Income,0.08
Home Ugrade debt,2022-12-31,Interest,,,-29.25
401K,2022-12-31,Interest,,,-427.05
Capital One Credit Card,2022-12-31,Starbucks,,Spending,-6.64
Capital One Credit Card,2022-12-30,Starbucks,,Spending,-5.78
Capital One Credit Card,2022-12-30,Borderlands,,WF5 Computer,-33.9
Capital One Credit Card,2022-12-30,Asia Pacific Supermarket,,Groceries,-13.84
Capital One Credit Card,2022-12-30,Publix,,Spent for Others,-8.15
GFCU Checking,2022-12-30,Julianna,,Spent for Others,50
Capital One Credit Card,2022-12-30,Starbucks,,Coffee,-6.64
Capital One Credit Card,2022-12-30,Lidl,,Groceries,-28.44
Capital One Credit Card,2022-12-30,Walmart,,Cleaning,-3
Capital One Credit Card,2022-12-30,Walmart,,Groceries,-26.71
Capital One Credit Card,2022-12-29,Starbucks,,Spending,-0.21
Capital One Credit Card,2022-12-29,Swamp Rabbit Cafe & Grocery,,Coffee/Tea,-14.99
Capital One Credit Card,2022-12-28,2nd & Charles,,Spending,-42.37
Capital One Credit Card,2022-12-28,The Home Depot,,Home Maintenance,-26.44
Chase Amazon,2022-12-28,Amazon,,Car Repairs,-15.89
Chase Amazon,2022-12-28,Amazon,,Spending,-59.3
Capital One Credit Card,2022-12-27,Spectrum,,Internet,-54.99
Cash,2022-12-27,Cash Income,,Spending,80
Capital One Credit Card,2022-12-27,Walmart,,Spending,-11.64
GFCU Checking,2022-12-27,Argental,,Medical Debt,-10
Capital One Credit Card,2022-12-26,Mint Mobile,,Phone,-105.95
GFCU Checking,2022-12-26,Chase Amazon,,,-29.31
Chase Amazon,2022-12-26,GFCU Checking,,,29.31
GFCU Checking,2022-12-26,Home Depot Deposit,,Income,1015.5
GFCU Checking,2022-12-26,Julianna,,Spending,25
Capital One Credit Card,2022-12-26,The Home Depot,,Home Maintenance,-22.37
Capital One Credit Card,2022-12-26,Take 5,,Car Repairs,-80.96
Capital One Credit Card,2022-12-26,QT,,Gas,-28.01
GFCU Checking,2022-12-26,Dad,,Car Repairs,-500
Capital One Credit Card,2022-12-25,Apple,,Spending,-8.47
Capital One Credit Card,2022-12-24,Target,,Emergency Fund,-35.12
Capital One Credit Card,2022-12-23,Lidl,,Groceries,-15.67
Capital One Credit Card,2022-12-23,Walmart,,Groceries,-24.59
Capital One Credit Card,2022-12-22,Greenville Water,,Greenville Water,-55.22
GFCU Checking,2022-12-21,GFCU Savings,,,500
GFCU Savings,2022-12-21,GFCU Checking,,,-500
Capital One Credit Card,2022-12-21,Whole Foods,,Groceries,-2.99
Capital One Credit Card,2022-12-21,Whole Foods,,Gifts,-13.07
Capital One Credit Card,2022-12-20,The Home Depot,,Cleaning,-5.28
Capital One Credit Card,2022-12-19,Barnes & Noble,,Gifts,-12.64
Capital One Credit Card,2022-12-19,Target,,Gifts,-4.37
Capital One Credit Card,2022-12-19,Target,,Gifts,-3.99
GFCU Checking,2022-12-19,Barnes & Noble,,Music,-8.47
GFCU Checking,2022-12-19,Barnes & Noble,,Gifts,-33.47
GFCU Checking,2022-12-18,Julianna,,Gifts,30
Capital One Credit Card,2022-12-18,Starbucks,,Gifts,-6.1
Capital One Credit Card,2022-12-18,Ingles,,Groceries,-17.14
Capital One Credit Card,2022-12-17,Odyssey Barber,,Haircut,-48
Capital One Credit Card,2022-12-17,QT,,Gas,-20.5
Capital One Credit Card,2022-12-17,QT,,Gifts,-7.37
Capital One Credit Card,2022-12-17,Starbucks,,Gifts,-6.64
Capital One Credit Card,2022-12-17,Swamp Rabbit Cafe & Grocery,,Coffee/Tea,-15.99
Capital One Credit Card,2022-12-17,Swamp Rabbit Cafe & Grocery,,Gifts,-35.16
Capital One Credit Card,2022-12-16,Spectrum,,Phone,-45
Capital One Credit Card,2022-12-16,Starbucks,,Gifts,-6.64
Capital One Credit Card,2022-12-16,Target,,Coffee,-6.86
Capital One Credit Card,2022-12-16,Target,,Groceries,-3.99
Capital One Credit Card,2022-12-16,Asia Pacific Supermarket,,Groceries,-10.26
Capital One Credit Card,2022-12-16,Walmart,,Groceries,-31.82
Capital One Credit Card,2022-12-16,Lidl,,Groceries,-10.29
Capital One Credit Card,2022-12-15,Cash Back Rewards,,Coffee,23.93
GFCU Checking,2022-12-15,Julianna,,Coffee,6
Capital One Credit Card,2022-12-15,Starbucks,,Coffee,-12.42
Capital One Credit Card,2022-12-13,Target,,Groceries,-4.37
Capital One Credit Card,2022-12-13,Target,,Groceries,-3.99
Capital One Credit Card,2022-12-13,Target,,Toiletries,-5.29
GFCU Checking,2022-12-12,Julianna,,Spent for Others,6
Capital One Credit Card,2022-12-12,Starbucks,,Coffee,-6.64
Capital One Credit Card,2022-12-12,Woodruff Dentistry,,Medical Debt,-42
Capital One Credit Card,2022-12-12,Starbucks,,Gifts,-12.42
Capital One Credit Card,2022-12-12,Starbucks,,Coffee,-6.75
Capital One Credit Card,2022-12-12,Walmart,,Groceries,-9.82
Capital One Credit Card,2022-12-12,Target,,Groceries,-5.59
Capital One Credit Card,2022-12-12,Petsmart,,Treats,-129.14
Capital One Credit Card,2022-12-12,Target,,Toiletries,-5.82
Capital One Credit Card,2022-12-12,Petsmart,,Cat Litter,-21.87
Capital One Credit Card,2022-12-12,Target,,Gifts,-18.02
Capital One Credit Card,2022-12-11,Starbucks,,Coffee,-4.27
Capital One Credit Card,2022-12-10,Inchoate Art Gallery,,Spending,-6.01
Cash,2022-12-10,Inchoate Art Gallery,,Spending,-10
Capital One Credit Card,2022-12-09,Starbucks,,Coffee,-6.64
Capital One Credit Card,2022-12-09,Lidl,,Groceries,-21.71
Capital One Credit Card,2022-12-09,Whole Foods,,Groceries,-2.99
Capital One Credit Card,2022-12-09,Walmart,,Coffee/Tea,-3.48
Capital One Credit Card,2022-12-09,Walmart,,Groceries,-20.14
Capital One Credit Card,2022-12-09,Whole Foods,,Spending,-4.08
GFCU Checking,2022-12-08,Julianna,,Spent for Others,30
GFCU Checking,2022-12-08,Capital One Credit Card,,,-920.39
Capital One Credit Card,2022-12-08,GFCU Checking,,,920.39
Capital One Credit Card,2022-12-08,Target,,Coffee,-6.86
Capital One Credit Card,2022-12-08,Target,,Spent for Others,-15.8
Home Ugrade debt,2022-12-08,GFCU Checking,,,160
GFCU Checking,2022-12-08,Home Ugrade debt,,Home Upgrade,-160
Capital One Credit Card,2022-12-08,Swamp Rabbit Cafe & Grocery,,Coffee/Tea,-16.99
Capital One Credit Card,2022-12-08,Swamp Rabbit Cafe & Grocery,,Spending,-1.99
GFCU Checking,2022-12-07,Home Depot Deposit,,Income,1021.25
Capital One Credit Card,2022-12-07,Starbucks,,Coffee,-6.64
Capital One Credit Card,2022-12-07,Target,,Groceries,-5.59
GFCU Checking,2022-12-07,Piedmont Natural Gas,,Piedmont Natural Gas,-50
Capital One Credit Card,2022-12-06,Starbucks,,Coffee,-6.64
Capital One Credit Card,2022-12-06,Walmart,,Groceries,-15.4
Capital One Credit Card,2022-12-05,Methodical,,Coffee,-7.68
Capital One Credit Card,2022-12-05,QT,,Gas,-25.51
Capital One Credit Card,2022-12-05,QT,,Spending,-5.38
Capital One Credit Card,2022-12-04,D'Allesandro's,,Dates,-20.19
Capital One Credit Card,2022-12-04,Barnes & Noble,,Dates,-12.03
GFCU Checking,2022-12-04,Duke Energy,,Duke Energy,-67
Capital One Credit Card,2022-12-03,Walmart,,Emergency Fund,-9.24
Capital One Credit Card,2022-12-03,Walmart,,Car Repairs,-5.27
Capital One Credit Card,2022-12-03,Walmart,,Coffee/Tea,-3.48
Capital One Credit Card,2022-12-03,Walmart,,Groceries,-20.32
Capital One Credit Card,2022-12-02,Target,,Coffee,-4.37
Capital One Credit Card,2022-12-02,7Brew,,Coffee,-5.86
Capital One Credit Card,2022-12-02,Walmart,,Groceries,-23.62
Capital One Credit Card,2022-12-02,Lidl,,Groceries,-10.86
Capital One Credit Card,2022-12-02,Target,,Spending,-4.99
Capital One Credit Card,2022-12-02,Asia Pacific Supermarket,,Groceries,-15.54
Cash,2022-12-01,Cash Income,,Income,8.98
Mortgage,2022-12-01,GFCU Checking,,,573.64
GFCU Checking,2022-12-01,Mortgage,,Mortgage,-573.64
GFCU Checking,2022-11-30,Interest,,Income,0.08
Mortgage,2022-11-30,Interest,,,-406.87
Home Ugrade debt,2022-11-30,Interest,,,-28.98
GFCU Checking,2022-11-30,Chase Amazon,,,-105.25
Chase Amazon,2022-11-30,GFCU Checking,,,105.25
Capital One Credit Card,2022-11-30,Swamp Rabbit Cafe & Grocery,,Coffee/Tea,-16.49
Capital One Credit Card,2022-11-30,Swamp Rabbit Cafe & Grocery,,Spending,-7.56
Capital One Credit Card,2022-11-29,Target,,Emergency Fund,-5.99
GFCU Checking,2022-11-29,Argental,,Medical Debt,-10
GFCU Checking,2022-11-29,Katie,,Gifts,-45
Capital One Credit Card,2022-11-29,Spinx,,Spending,-3.88
Capital One Credit Card,2022-11-29,Target,,Spending,-4.99
Capital One Credit Card,2022-11-29,Walmart,,Coffee/Tea,-3.48
Capital One Credit Card,2022-11-29,Walmart,,Groceries,-18.43
Capital One Credit Card,2022-11-27,Starbucks,,Coffee,-2.74
Capital One Credit Card,2022-11-27,Methodical,,Coffee,-7.68
Capital One Credit Card,2022-11-27,Spectrum,,Internet,-54.99
Capital One Credit Card,2022-11-27,Chewy,,Pet Food,-117.25
Capital One Credit Card,2022-11-25,Starbucks,,Coffee,-11.23
Cash,2022-11-25,Cash Income,,Income,20
Capital One Credit Card,2022-11-25,Lidl,,Groceries,-22.45
Capital One Credit Card,2022-11-25,Walmart,,Groceries,-48.65
Capital One Credit Card,2022-11-25,Target,,Spending,-23.31
Capital One Credit Card,2022-11-25,Target,,Emergency Fund,-33.04
Capital One Credit Card,2022-11-24,Apple,,Spending,-8.47
GFCU Checking,2022-11-23,Home Depot Deposit,,Income,988.27
Capital One Credit Card,2022-11-23,Methodical,,Coffee,-7.68
Capital One Credit Card,2022-11-22,Greenville Water,,Greenville Water,-49.14
Capital One Credit Card,2022-11-22,Target,,Spending,-42.39
Capital One Credit Card,2022-11-22,Walmart,,Emergency Fund,-13.17
Capital One Credit Card,2022-11-22,Target,,Emergency Fund,-38.15
Capital One Credit Card,2022-11-22,Walmart,,Groceries,-4.92
GFCU Checking,2022-11-21,Katie,,Gifts,-45
Capital One Credit Card,2022-11-21,Starbucks,,WF5 Computer,-7.64
Capital One Credit Card,2022-11-21,Trader Joe's,,Groceries,-4.99
Capital One Credit Card,2022-11-21,QT,,Gas,-27.26
Capital One Credit Card,2022-11-20,GrubHub,,Spending,-29.66
Capital One Credit Card,2022-11-20,Starbucks,,Coffee,-6.02
Capital One Credit Card,2022-11-20,Target,,Groceries,-8.58
Capital One Credit Card,2022-11-20,Swamp Rabbit Cafe & Grocery,,Coffee/Tea,-17.99
Capital One Credit Card,2022-11-20,Swamp Rabbit Cafe & Grocery,,Groceries,-8.98
Capital One Credit Card,2022-11-20,Target,,Cleaning,-11.65
Capital One Credit Card,2022-11-19,Odyssey Barber,,Haircut,-48
Capital One Credit Card,2022-11-19,QT,,Spending,-14.65
Capital One Credit Card,2022-11-19,Petsmart,,Groomer,-66
Capital One Credit Card,2022-11-18,Whole Foods,,Spending,-7.48
Capital One Credit Card,2022-11-18,Lidl,,Groceries,-15.52
Capital One Credit Card,2022-11-18,Walmart,,Groceries,-16.66
GFCU Checking,2022-11-17,SC Treasury,,Income,658
Capital One Credit Card,2022-11-17,Target,,Coffee,-4.37
Capital One Credit Card,2022-11-17,Methodical,,Coffee/Tea,-22.1
Capital One Credit Card,2022-11-17,Target,,Emergency Fund,-37.09
Capital One Credit Card,2022-11-17,Methodical,,Spending,-7
Capital One Credit Card,2022-11-17,Target,,Spending,-4.99
Capital One Credit Card,2022-11-15,Spectrum,,Phone,-45
Capital One Credit Card,2022-11-15,Whole Foods,,Groceries,-13.59
Capital One Credit Card,2022-11-15,Target,,Coffee,-4.37
Capital One Credit Card,2022-11-15,Target,,Spending,-4.39
Capital One Credit Card,2022-11-13,Harris Teeter,,Coffee,-6.64
Capital One Credit Card,2022-11-13,Swamp Rabbit Cafe & Grocery,,Coffee/Tea,-9.99
Capital One Credit Card,2022-11-13,Walmart,,Groceries,-5.48
Capital One Credit Card,2022-11-13,Walmart,,Cleaning,-9.64
Capital One Credit Card,2022-11-13,Swamp Rabbit Cafe & Grocery,,Spending,-11.79
Capital One Credit Card,2022-11-12,Petsmart,,Treats,-16.41
Chase Amazon,2022-11-12,Amazon,,Toiletries,-16.87
Chase Amazon,2022-11-12,Amazon,,Emergency Fund,-12.44
Capital One Credit Card,2022-11-11,Starbucks,,Coffee,-6.21
Capital One Credit Card,2022-11-11,QT,,Spending,-5.97
Capital One Credit Card,2022-11-11,Walmart,,Groceries,-21.42
Capital One Credit Card,2022-11-11,Lidl,,Groceries,-19.27
Capital One Credit Card,2022-11-10,QT,,Spending,-6.37
Capital One Credit Card,2022-11-10,QT,,Gas,-20.75
Capital One Credit Card,2022-11-09,Zappos Refund,,Emergency Fund,129.27
Capital One Credit Card,2022-11-09,Zappos Refund,,Emergency Fund,74.19
Capital One Credit Card,2022-11-09,Walmart,,Coffee/Tea,-3.48
Capital One Credit Card,2022-11-09,Walmart,,Groceries,-2.22
GFCU Checking,2022-11-08,Home Depot Deposit,,Income,1048.52
GFCU Checking,2022-11-08,Capital One Credit Card,,,-2736.15
Capital One Credit Card,2022-11-08,GFCU Checking,,,2736.15
Capital One Credit Card,2022-11-08,Starbucks,,Coffee,-7.64
Capital One Credit Card,2022-11-08,Target,,Gifts,-6.03
Home Ugrade debt,2022-11-08,GFCU Checking,,,160
GFCU Checking,2022-11-08,Home Ugrade debt,,Home Upgrade,-160
Capital One Credit Card,2022-11-08,Whole Foods,,Groceries,-2.99
Capital One Credit Card,2022-11-08,Whole Foods,,Spending,-11.28
Capital One Credit Card,2022-11-07,Fins Car Wash,,Car Repairs,-5
Capital One Credit Card,2022-11-07,Harris Teeter,,Groceries,-6.43
Capital One Credit Card,2022-11-07,Target,,Spending,-3.99
GFCU Checking,2022-11-07,Piedmont Natural Gas,,Piedmont Natural Gas,-50
Capital One Credit Card,2022-11-06,Cash Back Rewards,,Spending,56.58
Capital One Credit Card,2022-11-06,Swamp Rabbit Cafe & Grocery,,Coffee/Tea,-14.99
Capital One Credit Card,2022-11-06,Swamp Rabbit Cafe & Grocery,,Emergency Fund,-13.23
Capital One Credit Card,2022-11-05,Jersey Bagel Brothers,,Dates,-9.33
Capital One Credit Card,2022-11-04,Apple,,Spending,-9.99
Capital One Credit Card,2022-11-04,7Brew,,Coffee,-7.21
Capital One Credit Card,2022-11-04,Lidl,,Groceries,-25.54
GFCU Checking,2022-11-04,Duke Energy,,Duke Energy,-67
Capital One Credit Card,2022-11-04,Walmart,,Toiletries,-12.13
Capital One Credit Card,2022-11-04,Walmart,,Groceries,-24.07
Capital One Credit Card,2022-11-03,Zappos,,Emergency Fund,-116.59
Capital One Credit Card,2022-11-03,Zappos,,Emergency Fund,-129.27
Capital One Credit Card,2022-11-03,Zappos,,Emergency Fund,-74.19
Capital One Credit Card,2022-11-02,Target Refund,,Emergency Fund,21.2
Capital One Credit Card,2022-11-02,Target,,Emergency Fund,-4.37
Capital One Credit Card,2022-11-02,Target,,Emergency Fund,-4.39
Mortgage,2022-11-01,GFCU Checking,,,573.64
GFCU Checking,2022-11-01,Mortgage,,Mortgage,-573.64
Capital One Credit Card,2022-11-01,Target,,Groceries,-18.98
Capital One Credit Card,2022-11-01,Target,,Emergency Fund,-21.2
GFCU Checking,2022-10-31,Interest,,Income,0.13
Capital One Credit Card,2022-10-31,Target,,Spending,-4.37
Capital One Credit Card,2022-10-31,Target,,Emergency Fund,-12.71
Capital One Credit Card,2022-10-31,Target,,Emergency Fund,-42.4
Mortgage,2022-10-30,Interest,,,-407.31
Home Ugrade debt,2022-10-30,Interest,,,-30.55
401K,2022-10-30,Interest,,,2453.37
Capital One Credit Card,2022-10-30,QT,,Gas,-25.82
Cash,2022-10-30,Cash Income,,Income,3.75
Cash,2022-10-30,Cash Income,,Income,4.8
Cash,2022-10-30,Cash Income,,Income,2.15
Cash,2022-10-30,Cash Income,,Income,15.5
Cash,2022-10-30,Cash Income,,Income,82
Capital One Credit Card,2022-10-30,Swamp Rabbit Cafe & Grocery,,Coffee/Tea,-14.24
Capital One Credit Card,2022-10-30,Walmart,,Groceries,-3.54
Capital One Credit Card,2022-10-30,Walmart,,Cleaning,-2.73
Capital One Credit Card,2022-10-30,Swamp Rabbit Cafe & Grocery,,Spending,-7.18
Cash,2022-10-30,Starting Balance,,Starting Balances,0
Capital One Credit Card,2022-10-29,Barnes & Noble,,Music,-8.47
Capital One Credit Card,2022-10-29,Barnes & Noble,,Books,-58.28
Capital One Credit Card,2022-10-28,Bridge City Coffee,,Coffee,-6.05
Capital One Credit Card,2022-10-28,Walmart,,Groceries,-48.3
Capital One Credit Card,2022-10-28,Lidl,,Groceries,-19.61
GFCU Checking,2022-10-27,Argental,,Medical Debt,-10
Capital One Credit Card,2022-10-27,Swamp Rabbit Cafe & Grocery,,Coffee/Tea,-9.99
Capital One Credit Card,2022-10-27,Spectrum,,Internet,-49.99
GFCU Checking,2022-10-26,Home Depot Deposit,,Income,1037.03
GFCU Checking,2022-10-25,Chase Amazon,,,-651.58
Chase Amazon,2022-10-25,GFCU Checking,,,651.58
Capital One Credit Card,2022-10-25,Greenville Water,,Greenville Water,-50.15
Capital One Credit Card,2022-10-25,Target,,Emergency Fund,-7.38
Capital One Credit Card,2022-10-23,Walmart,,Cleaning,-3.86
Capital One Credit Card,2022-10-23,Walmart,,Groomer,-2.67
Capital One Credit Card,2022-10-23,Walmart,,Groceries,-6.58
Capital One Credit Card,2022-10-22,Odyssey Barber,,Haircut,-48
Capital One Credit Card,2022-10-22,The Home Depot,,Cleaning,-12.68
Capital One Credit Card,2022-10-21,Lidl,,Groceries,-23.2
Capital One Credit Card,2022-10-21,Whole Foods,,Groceries,-7.07
Capital One Credit Card,2022-10-21,Swamp Rabbit Cafe & Grocery,,Coffee/Tea,-16.99
Capital One Credit Card,2022-10-21,Walmart,,Coffee/Tea,-3.98
Capital One Credit Card,2022-10-21,Walmart,,Groceries,-24.46
Capital One Credit Card,2022-10-21,Swamp Rabbit Cafe & Grocery,,Emergency Fund,-1.99
Capital One Credit Card,2022-10-20,Target,,Groceries,-12.98
Capital One Credit Card,2022-10-17,Asia Pacific Supermarket,,Groceries,-7.86
Capital One Credit Card,2022-10-17,QT,,Gas,-26.42
GFCU Checking,2022-10-16,Venmo,,Emergency Fund,-25
Capital One Credit Card,2022-10-16,Sarku Japan,,Emergency Fund,-5.5
Capital One Credit Card,2022-10-14,Lidl,,Groceries,-11.76
Capital One Credit Card,2022-10-14,Walmart,,Groceries,-12.07
Capital One Credit Card,2022-10-13,Swamp Rabbit Cafe & Grocery,,Coffee/Tea,-14.99
GFCU Checking,2022-10-12,Home Depot Deposit,,Income,1037.03
Capital One Credit Card,2022-10-12,Harris Teeter,,Groceries,-22.98
GFCU Checking,2022-10-11,Home Ugrade debt,,Home Upgrade,-160
GFCU Checking,2022-10-11,Capital One Credit Card,,,-1172.68
GFCU Checking,2022-10-11,Piedmont Natural Gas,,Piedmont Natural Gas,-42
Capital One Credit Card,2022-10-11,GFCU Checking,,,1172.68
Capital One Credit Card,2022-10-11,Target,,Emergency Fund,-4.37
Capital One Credit Card,2022-10-11,Target,,Toiletries,-6.03
Home Ugrade debt,2022-10-11,GFCU Checking,,,160
Chase Amazon,2022-10-10,Amazon,,Emergency Fund,-28.61
Chase Amazon,2022-10-10,Amazon,,Toiletries,-45.51
Capital One Credit Card,2022-10-08,Petsmart,,Treats,-67.82
Capital One Credit Card,2022-10-08,Swamp Rabbit Cafe & Grocery,,Coffee/Tea,-14.99
Capital One Credit Card,2022-10-07,Lidl,,Groceries,-28.03
Capital One Credit Card,2022-10-07,Walmart,,Toiletries,-51.42
Capital One Credit Card,2022-10-07,Walmart,,Groceries,-19.1
Capital One Credit Card,2022-10-06,QT,,Gas,-26.3
GFCU Checking,2022-10-04,Duke Energy,,Duke Energy,-67
Capital One Credit Card,2022-10-02,Walmart,,Toiletries,-4.75
Capital One Credit Card,2022-10-02,Walmart,,Groceries,-16.54
Chase Amazon,2022-10-01,Amazon,,Emergency Fund,-31.13
Capital One Credit Card,2022-10-01,Apple,,Emergency Fund,-1663.14
Mortgage,2022-10-01,GFCU Checking,,,573.64
GFCU Checking,2022-10-01,Mortgage,,Mortgage,-573.64
GFCU Checking,2022-09-30,Interest,,Capital One Credit Card,0.12
GFCU Savings,2022-09-30,Interest,,Emergency Fund,0.06
Mortgage,2022-09-30,Starting Balance,,,-88779.21
Home Ugrade debt,2022-09-30,Starting Balance,,,-6034.27
401K,2022-09-30,Starting Balance,,,37875.63
GFCU Savings,2022-09-30,Starting Balance,,Starting Balances,698.3
GFCU Checking,2022-09-30,Starting Balance,,Starting Balances,3783.15
Chase Amazon,2022-09-30,Starting Balance,,Starting Balances,-651.58
Capital One Credit Card,2022-09-30,Starting Balance,,Starting Balances,-1968.37
